ano,mes,orgao_codigo,fonte_recurso_codigo,categoria_receita_codigo,receita_local_codigo,receita_prevista,receita_prevista_acrescimo,receita_prevista_atualizada,receita_arrecadada
2021,1,15,100,1,0,10685000.00,0.00,10685000.00,0.00
2021,1,15,100,1,0,1065.00,0.00,1065.00,0.00
2021,1,15,100,1,0,3360000.00,0.00,3360000.00,0.00
2021,1,15,100,1,0,3110000.00,0.00,3110000.00,0.00
2021,1,15,100,1,0,520000.00,0.00,520000.00,0.00
2021,1,15,100,1,0,-155610000.00,0.00,-155610000.00,0.00
2021,1,15,100,1,0,499575000.00,0.00,499575000.00,0.00
2021,1,15,100,1,0,152550000.00,0.00,152550000.00,0.00
2021,1,15,100,1,0,39000.00,0.00,39000.00,0.00
2021,1,15,100,1,0,37175000.00,0.00,37175000.00,0.00
2021,1,15,100,1,0,6620000.00,0.00,6620000.00,0.00
2021,7,15,100,1,0,0.00,71318624.02,71318624.02,0.00
2021,11,15,100,1,0,0.00,10000000.00,10000000.00,0.00
2021,1,15,100,1,0,2095000.00,0.00,2095000.00,0.00
2021,1,15,100,1,0,1000.00,0.00,1000.00,0.00
2021,1,15,100,1,0,1000.00,0.00,1000.00,0.00
2021,1,15,100,1,0,6500.00,0.00,6500.00,0.00
2021,1,15,100,1,0,21830000.00,0.00,21830000.00,0.00
2021,1,15,100,1,0,710.00,0.00,710.00,0.00
2021,1,15,100,1,0,7000.00,0.00,7000.00,0.00
2021,1,15,102,1,0,86000000.00,0.00,86000000.00,0.00
2021,1,15,100,1,0,235080000.00,0.00,235080000.00,0.00
2021,1,15,100,1,0,79200000.00,0.00,79200000.00,0.00
2021,1,15,100,1,0,800085000.00,0.00,800085000.00,0.00
2021,1,15,100,1,0,6920000.00,0.00,6920000.00,0.00
2021,1,15,100,1,0,216640000.00,0.00,216640000.00,0.00
2021,1,15,100,1,0,685000.00,0.00,685000.00,0.00
2021,1,15,102,1,0,10000000.00,0.00,10000000.00,0.00
2021,1,15,102,2,0,28355000.00,0.00,28355000.00,0.00
2021,1,15,103,1,0,800000.00,0.00,800000.00,0.00
2021,1,15,108,2,0,136000000.00,0.00,136000000.00,0.00
2021,1,15,109,2,0,10000000.00,0.00,10000000.00,0.00
2021,1,15,111,1,0,7000.00,0.00,7000.00,0.00
2021,1,15,111,1,0,3995000.00,0.00,3995000.00,0.00
2021,1,15,111,1,0,63645000.00,0.00,63645000.00,0.00
2021,1,15,111,1,0,285000.00,0.00,285000.00,0.00
2021,1,15,111,1,0,6390000.00,0.00,6390000.00,0.00
2021,1,15,111,1,0,2240000.00,0.00,2240000.00,0.00
2021,1,15,115,1,0,815000.00,0.00,815000.00,0.00
2021,1,15,116,1,0,1000000.00,0.00,1000000.00,0.00
2021,1,15,119,1,0,18000.00,0.00,18000.00,0.00
2021,1,15,119,1,0,500.00,0.00,500.00,0.00
2021,1,15,103,2,0,1000000.00,0.00,1000000.00,0.00
2021,1,15,103,2,0,5867000.00,0.00,5867000.00,0.00
2021,1,15,103,2,0,20000000.00,0.00,20000000.00,0.00
2021,1,15,104,1,0,70500.00,0.00,70500.00,0.00
2021,1,15,105,1,0,14977000.00,0.00,14977000.00,0.00
2021,1,15,111,1,0,85000.00,0.00,85000.00,0.00
2021,1,15,124,1,0,28450.00,0.00,28450.00,0.00
2021,1,15,130,1,0,1400.00,0.00,1400.00,0.00
2021,1,15,132,1,0,15000.00,0.00,15000.00,0.00
2021,1,15,134,1,0,35000.00,0.00,35000.00,0.00
2021,1,15,149,1,0,11000.00,0.00,11000.00,0.00
2021,1,45,241,7,0,6500000.00,0.00,6500000.00,0.00
2021,1,48,241,1,0,10000000.00,0.00,10000000.00,0.00
2021,1,15,113,1,0,311340000.00,0.00,311340000.00,0.00
2021,11,15,113,1,0,0.00,20000000.00,20000000.00,0.00
2021,1,15,113,1,0,39410000.00,0.00,39410000.00,0.00
2021,1,15,115,1,0,670000.00,0.00,670000.00,0.00
2021,1,15,120,1,0,70000000.00,0.00,70000000.00,0.00
2021,1,15,123,1,0,850.00,0.00,850.00,0.00
2021,2,15,127,2,0,0.00,76853413.67,76853413.67,0.00
2021,1,15,134,1,0,5480000.00,0.00,5480000.00,0.00
2021,1,15,135,1,0,14910000.00,0.00,14910000.00,0.00
2021,11,15,147,2,0,0.00,4639993.00,4639993.00,0.00
2021,1,45,241,1,0,20000.00,0.00,20000.00,0.00
2021,1,48,242,1,0,4900000.00,0.00,4900000.00,0.00
2021,1,48,244,1,0,1010000.00,0.00,1010000.00,0.00
2021,1,48,244,1,0,107755000.00,0.00,107755000.00,0.00
2021,1,48,244,1,0,301000000.00,0.00,301000000.00,0.00
2021,1,48,244,1,0,1270000.00,0.00,1270000.00,0.00
2021,1,48,244,2,0,6460000.00,0.00,6460000.00,0.00
2021,10,48,254,1,0,0.00,5760000.00,5760000.00,0.00
2021,11,48,254,1,0,0.00,4414500.00,4414500.00,0.00
2021,8,48,244,1,0,0.00,27000000.00,27000000.00,0.00
2021,7,48,244,1,0,0.00,9000000.00,9000000.00,0.00
2021,5,48,254,1,0,0.00,6240000.00,6240000.00,0.00
2021,9,48,254,1,0,0.00,10663500.00,10663500.00,0.00
2021,1,48,255,2,0,10000.00,0.00,10000.00,0.00
2021,1,15,100,1,0,778036000.00,0.00,778036000.00,0.00
2021,12,15,100,1,0,0.00,43000000.00,43000000.00,0.00
2021,1,15,100,1,0,500000.00,0.00,500000.00,0.00
2021,1,15,100,1,0,40065000.00,0.00,40065000.00,0.00
2021,1,15,100,1,0,10365000.00,0.00,10365000.00,0.00
2021,1,15,100,1,0,25127000.00,0.00,25127000.00,0.00
2021,1,50,241,1,0,2090000.00,0.00,2090000.00,0.00
2021,1,50,241,1,0,50000.00,0.00,50000.00,0.00
2021,1,56,248,2,0,4538300.00,0.00,4538300.00,0.00
2021,1,59,243,1,0,5000.00,0.00,5000.00,0.00
2021,7,59,243,1,0,0.00,241311.15,241311.15,0.00
2021,9,59,243,1,0,0.00,282645.00,282645.00,0.00
2021,3,48,255,2,0,0.00,2214242.00,2214242.00,0.00
2021,1,50,241,2,0,50000.00,0.00,50000.00,0.00
2021,1,50,241,1,0,110000.00,0.00,110000.00,0.00
2021,1,50,241,1,0,1500000.00,0.00,1500000.00,0.00
2021,6,50,242,7,0,0.00,2500000.00,2500000.00,0.00
2021,1,50,241,1,0,1000.00,0.00,1000.00,0.00
2021,1,59,245,1,0,21850000.00,0.00,21850000.00,0.00
2021,1,15,100,1,0,-47015000.00,0.00,-47015000.00,0.00
2021,1,15,100,1,0,-420000.00,0.00,-420000.00,0.00
2021,1,15,100,1,0,22550000.00,0.00,22550000.00,0.00
2021,1,15,100,1,0,78000.00,0.00,78000.00,0.00
2021,1,15,100,1,0,16030000.00,0.00,16030000.00,0.00
2021,1,15,100,1,0,350000.00,0.00,350000.00,0.00
2021,1,15,100,1,0,44000.00,0.00,44000.00,0.00
2021,4,61,249,7,0,0.00,2057185.40,2057185.40,0.00
2021,1,61,250,1,0,36000.00,0.00,36000.00,0.00
2021,1,61,249,1,0,300000.00,0.00,300000.00,0.00
2021,1,61,249,1,0,3000000.00,0.00,3000000.00,0.00
2021,1,61,249,7,0,70000000.00,0.00,70000000.00,0.00
2021,1,61,249,1,0,50000.00,0.00,50000.00,0.00
2021,1,62,241,1,0,800000.00,0.00,800000.00,0.00
2021,1,59,246,1,0,500.00,0.00,500.00,0.00
2021,1,59,246,1,0,12045000.00,0.00,12045000.00,0.00
2021,1,61,249,1,0,150000000.00,0.00,150000000.00,0.00
2021,1,61,249,7,0,2000000.00,0.00,2000000.00,0.00
2021,1,61,249,1,0,30000.00,0.00,30000.00,0.00
2021,1,61,249,1,0,10000000.00,0.00,10000000.00,0.00
2021,1,15,100,1,0,1065.00,0.00,1065.00,0.00
2021,1,15,100,1,0,1065.00,0.00,1065.00,0.00
2021,1,15,102,1,0,11500000.00,0.00,11500000.00,0.00
2021,1,15,102,2,0,13500000.00,0.00,13500000.00,0.00
2021,1,15,103,2,0,83000000.00,0.00,83000000.00,0.00
2021,1,15,104,1,0,9889500.00,0.00,9889500.00,0.00
2021,1,15,105,1,0,23000.00,0.00,23000.00,0.00
2021,1,62,241,1,0,30000.00,0.00,30000.00,0.00
2021,1,64,241,1,0,1000.00,0.00,1000.00,0.00
2021,1,69,242,2,0,4900000.00,0.00,4900000.00,0.00
2021,3,15,100,1,1111,0.00,0.00,0.00,511265.74
2021,6,15,100,1,1111,0.00,0.00,0.00,437959.20
2021,1,15,100,1,1113,0.00,0.00,0.00,7891.53
2021,5,15,100,1,1113,0.00,0.00,0.00,8745.45
2021,1,61,249,1,0,5000000.00,0.00,5000000.00,0.00
2021,1,61,249,7,0,18500000.00,0.00,18500000.00,0.00
2021,1,62,241,1,0,30000.00,0.00,30000.00,0.00
2021,1,62,241,1,0,50000.00,0.00,50000.00,0.00
2021,1,62,242,1,0,19450000.00,0.00,19450000.00,0.00
2021,1,62,246,1,0,500.00,0.00,500.00,0.00
2021,2,62,258,1,0,0.00,200000.00,200000.00,0.00
2021,1,15,111,1,0,310000.00,0.00,310000.00,0.00
2021,1,15,111,1,0,1030000.00,0.00,1030000.00,0.00
2021,11,15,113,1,0,0.00,10000000.00,10000000.00,0.00
2021,1,15,115,1,0,86000.00,0.00,86000.00,0.00
2021,1,15,115,1,0,720000.00,0.00,720000.00,0.00
2021,1,15,117,1,0,500.00,0.00,500.00,0.00
2021,1,15,121,1,0,16000.00,0.00,16000.00,0.00
2021,1,15,100,1,0,1065.00,0.00,1065.00,0.00
2021,1,15,100,1,0,446350000.00,0.00,446350000.00,0.00
2021,1,15,100,1,0,1310000.00,0.00,1310000.00,0.00
2021,1,15,100,1,0,10540000.00,0.00,10540000.00,0.00
2021,1,15,100,1,0,877000.00,0.00,877000.00,0.00
2021,1,15,100,1,0,1160000.00,0.00,1160000.00,0.00
2021,10,15,100,1,0,0.00,45000000.00,45000000.00,0.00
2021,11,15,100,1,1113,0.00,0.00,0.00,15107.51
2021,7,15,100,1,1114,0.00,0.00,0.00,3280.57
2021,4,15,100,1,1115,0.00,0.00,0.00,32170.03
2021,7,15,100,1,1115,0.00,0.00,0.00,37769.18
2021,9,15,100,1,1115,0.00,0.00,0.00,83649.21
2021,6,15,100,1,1116,0.00,0.00,0.00,17836.68
2021,6,15,100,1,1117,0.00,0.00,0.00,22621.02
2021,2,62,258,1,0,0.00,500000.00,500000.00,0.00
2021,1,62,247,1,0,500.00,0.00,500.00,0.00
2021,1,64,251,1,0,5000.00,0.00,5000.00,0.00
2021,1,64,241,1,0,10000.00,0.00,10000.00,0.00
2021,9,15,100,1,1111,0.00,0.00,0.00,492232.30
2021,12,15,100,1,1111,0.00,0.00,0.00,76923.22
2021,1,15,100,1,1112,0.00,0.00,0.00,63670.51
2021,1,15,124,1,0,200000.00,0.00,200000.00,0.00
2021,1,48,244,1,0,525000.00,0.00,525000.00,0.00
2021,3,48,244,1,0,0.00,3724802.23,3724802.23,0.00
2021,4,48,254,1,0,0.00,5700000.00,5700000.00,0.00
2021,12,48,254,1,0,0.00,171000.00,171000.00,0.00
2021,1,50,241,1,0,1300000.00,0.00,1300000.00,0.00
2021,1,53,242,1,0,100000.00,0.00,100000.00,0.00
2021,12,15,100,1,0,0.00,45000000.00,45000000.00,0.00
2021,1,15,100,1,0,-99915000.00,0.00,-99915000.00,0.00
2021,1,15,100,1,0,24940000.00,0.00,24940000.00,0.00
2021,1,15,100,1,0,3700.00,0.00,3700.00,0.00
2021,1,15,100,1,0,810000.00,0.00,810000.00,0.00
2021,1,15,100,1,0,5190000.00,0.00,5190000.00,0.00
2021,8,15,100,1,1117,0.00,0.00,0.00,21813.46
2021,10,15,100,1,1117,0.00,0.00,0.00,19336.56
2021,2,15,100,1,1121,0.00,0.00,0.00,166695546.41
2021,4,15,100,1,1121,0.00,0.00,0.00,27918087.52
2021,5,15,100,1,1121,0.00,0.00,0.00,26341985.66
2021,9,15,100,1,1121,0.00,0.00,0.00,25734247.08
2021,6,15,100,1,1122,0.00,0.00,0.00,1440433.14
2021,7,15,100,1,1112,0.00,0.00,0.00,22545.45
2021,3,15,100,1,1113,0.00,0.00,0.00,7428.97
2021,4,15,100,1,1113,0.00,0.00,0.00,12031.48
2021,8,15,100,1,1113,0.00,0.00,0.00,8471.83
2021,12,15,100,1,1113,0.00,0.00,0.00,38928.90
2021,2,15,100,1,1114,0.00,0.00,0.00,6907.12
2021,6,15,100,1,1114,0.00,0.00,0.00,1221.50
2021,1,56,248,1,0,11700.00,0.00,11700.00,0.00
2021,1,59,241,1,0,250000.00,0.00,250000.00,0.00
2021,8,59,243,1,0,0.00,60868.21,60868.21,0.00
2021,1,59,241,1,0,60000.00,0.00,60000.00,0.00
2021,1,59,241,1,0,10000.00,0.00,10000.00,0.00
2021,1,59,241,1,0,700000.00,0.00,700000.00,0.00
2021,1,59,246,1,0,44000.00,0.00,44000.00,0.00
2021,1,15,100,1,0,32000.00,0.00,32000.00,0.00
2021,1,15,100,1,0,14350000.00,0.00,14350000.00,0.00
2021,1,15,100,1,0,1065.00,0.00,1065.00,0.00
2021,1,15,102,1,0,16000000.00,0.00,16000000.00,0.00
2021,1,15,103,2,0,47000000.00,0.00,47000000.00,0.00
2021,1,15,104,1,0,40000.00,0.00,40000.00,0.00
2021,10,15,108,2,0,0.00,34000000.00,34000000.00,0.00
2021,10,15,100,1,1123,0.00,0.00,0.00,772753.81
2021,12,15,100,1,1123,0.00,0.00,0.00,919127.24
2021,3,15,100,1,1124,0.00,0.00,0.00,407834.69
2021,8,15,100,1,1124,0.00,0.00,0.00,221429.19
2021,9,15,100,1,1124,0.00,0.00,0.00,510529.62
2021,7,15,100,1,1125,0.00,0.00,0.00,1171879.25
2021,10,15,100,1,1125,0.00,0.00,0.00,1397571.62
2021,1,15,100,1,1115,0.00,0.00,0.00,31235.10
2021,2,15,100,1,1115,0.00,0.00,0.00,41691.52
2021,2,15,100,1,1116,0.00,0.00,0.00,30865.67
2021,4,15,100,1,1116,0.00,0.00,0.00,18456.42
2021,7,15,100,1,1116,0.00,0.00,0.00,52552.88
2021,12,15,100,1,1116,0.00,0.00,0.00,9913.51
2021,10,15,100,1,1121,0.00,0.00,0.00,25504060.76
2021,7,15,100,1,0,0.00,46041137.03,46041137.03,0.00
2021,10,15,100,1,0,0.00,50000000.00,50000000.00,0.00
2021,11,15,100,1,0,0.00,20000000.00,20000000.00,0.00
2021,1,15,100,1,0,1000.00,0.00,1000.00,0.00
2021,1,15,100,1,0,-1300.00,0.00,-1300.00,0.00
2021,12,15,100,1,0,0.00,30000000.00,30000000.00,0.00
2021,1,61,249,1,0,50000.00,0.00,50000.00,0.00
2021,11,61,250,1,0,0.00,450000.00,450000.00,0.00
2021,1,61,249,1,0,3000000.00,0.00,3000000.00,0.00
2021,1,61,249,1,0,33000000.00,0.00,33000000.00,0.00
2021,1,61,249,7,0,85000000.00,0.00,85000000.00,0.00
2021,1,62,242,1,0,100000.00,0.00,100000.00,0.00
2021,1,15,111,1,0,42340000.00,0.00,42340000.00,0.00
2021,1,15,111,1,0,1000000.00,0.00,1000000.00,0.00
2021,7,15,113,1,0,0.00,23560425.00,23560425.00,0.00
2021,12,15,113,1,0,0.00,10000000.00,10000000.00,0.00
2021,5,15,113,1,0,0.00,17000000.00,17000000.00,0.00
2021,1,15,115,1,0,500.00,0.00,500.00,0.00
2021,9,15,100,1,1126,0.00,0.00,0.00,788774.93
2021,10,15,100,1,1126,0.00,0.00,0.00,973883.35
2021,8,15,100,1,1127,0.00,0.00,0.00,675546.54
2021,2,15,100,1,1211,0.00,0.00,0.00,10137666.89
2021,7,15,100,1,1211,0.00,0.00,0.00,10021570.24
2021,10,15,100,1,1211,0.00,0.00,0.00,9253810.40
2021,11,15,100,1,1211,0.00,0.00,0.00,10042401.76
2021,2,15,100,1,1122,0.00,0.00,0.00,2542275.27
2021,4,15,100,1,1122,0.00,0.00,0.00,1343045.07
2021,7,15,100,1,1122,0.00,0.00,0.00,1512186.51
2021,12,15,100,1,1122,0.00,0.00,0.00,1197054.10
2021,1,15,100,1,1123,0.00,0.00,0.00,616432.21
2021,4,15,100,1,1123,0.00,0.00,0.00,1213541.51
2021,5,15,100,1,1123,0.00,0.00,0.00,866512.96
2021,1,15,100,1,0,400000.00,0.00,400000.00,0.00
2021,1,15,100,1,0,20715000.00,0.00,20715000.00,0.00
2021,1,15,100,1,0,155000.00,0.00,155000.00,0.00
2021,1,15,100,1,0,213956305.00,0.00,213956305.00,0.00
2021,1,15,102,2,0,400000.00,0.00,400000.00,0.00
2021,1,15,102,1,0,600000.00,0.00,600000.00,0.00
2021,1,15,102,2,0,20000000.00,0.00,20000000.00,0.00
2021,11,64,241,1,0,0.00,291336.43,291336.43,0.00
2021,1,64,241,1,0,7100000.00,0.00,7100000.00,0.00
2021,1,64,241,1,0,3250000.00,0.00,3250000.00,0.00
2021,1,69,242,1,0,100000.00,0.00,100000.00,0.00
2021,5,15,100,1,1111,0.00,0.00,0.00,438783.39
2021,7,15,100,1,1111,0.00,0.00,0.00,426050.26
2021,10,15,100,1,1111,0.00,0.00,0.00,416176.55
2021,1,15,115,1,0,9325000.00,0.00,9325000.00,0.00
2021,1,15,119,1,0,105000.00,0.00,105000.00,0.00
2021,1,15,121,1,0,98790000.00,0.00,98790000.00,0.00
2021,1,15,123,2,0,9035150.00,0.00,9035150.00,0.00
2021,1,15,124,1,0,4400950.00,0.00,4400950.00,0.00
2021,1,15,126,1,0,1500.00,0.00,1500.00,0.00
2021,1,15,129,1,0,2360.00,0.00,2360.00,0.00
2021,1,15,100,1,1311,0.00,0.00,0.00,969940.73
2021,5,15,100,1,1311,0.00,0.00,0.00,93712.17
2021,7,15,100,1,1311,0.00,0.00,0.00,952542.69
2021,9,15,100,1,1311,0.00,0.00,0.00,175166.63
2021,11,15,100,1,1311,0.00,0.00,0.00,152232.85
2021,1,15,100,1,1312,0.00,0.00,0.00,395.40
2021,5,15,100,1,1312,0.00,0.00,0.00,395.40
2021,7,15,100,1,1123,0.00,0.00,0.00,582764.56
2021,4,15,100,1,1124,0.00,0.00,0.00,311448.22
2021,10,15,100,1,1124,0.00,0.00,0.00,1241723.58
2021,1,15,100,1,1125,0.00,0.00,0.00,1309732.76
2021,8,15,100,1,1125,0.00,0.00,0.00,1230889.68
2021,11,15,100,1,1125,0.00,0.00,0.00,1541738.43
2021,5,15,100,1,1126,0.00,0.00,0.00,760239.17
2021,1,15,103,2,0,65000000.00,0.00,65000000.00,0.00
2021,1,15,111,1,0,19245000.00,0.00,19245000.00,0.00
2021,1,15,111,1,0,350000.00,0.00,350000.00,0.00
2021,1,15,113,1,0,148000.00,0.00,148000.00,0.00
2021,5,15,113,1,0,0.00,33000000.00,33000000.00,0.00
2021,1,15,122,1,0,2730000.00,0.00,2730000.00,0.00
2021,1,15,122,1,0,2760000.00,0.00,2760000.00,0.00
2021,2,15,100,1,1112,0.00,0.00,0.00,69930.39
2021,6,15,100,1,1112,0.00,0.00,0.00,45759.46
2021,8,15,100,1,1112,0.00,0.00,0.00,15499.21
2021,11,15,100,1,1112,0.00,0.00,0.00,58011.65
2021,3,15,100,1,1114,0.00,0.00,0.00,3183.04
2021,8,15,100,1,1114,0.00,0.00,0.00,16117.96
2021,11,15,100,1,1114,0.00,0.00,0.00,59592.79
2021,10,15,100,1,1115,0.00,0.00,0.00,27466.41
2021,1,15,132,1,0,765000.00,0.00,765000.00,0.00
2021,1,15,135,1,0,148510000.00,0.00,148510000.00,0.00
2021,1,15,135,1,0,2330000.00,0.00,2330000.00,0.00
2021,1,15,135,1,0,5225000.00,0.00,5225000.00,0.00
2021,1,45,241,1,0,120000.00,0.00,120000.00,0.00
2021,1,45,241,1,0,150000.00,0.00,150000.00,0.00
2021,1,45,242,7,0,2000000.00,0.00,2000000.00,0.00
2021,1,48,242,1,0,100000.00,0.00,100000.00,0.00
2021,3,15,100,1,1313,0.00,0.00,0.00,2736.40
2021,8,15,100,1,1313,0.00,0.00,0.00,1383.03
2021,10,15,100,1,1313,0.00,0.00,0.00,8865.51
2021,12,15,100,1,1313,0.00,0.00,0.00,2451.47
2021,2,15,100,1,1314,0.00,0.00,0.00,5140.82
2021,9,15,100,1,1314,0.00,0.00,0.00,3163.56
2021,10,15,100,1,1315,0.00,0.00,0.00,6245.39
2021,6,15,100,1,1126,0.00,0.00,0.00,751084.96
2021,8,15,100,1,1126,0.00,0.00,0.00,882126.32
2021,3,15,100,1,1127,0.00,0.00,0.00,756514.96
2021,10,15,100,1,1127,0.00,0.00,0.00,1339909.48
2021,11,15,100,1,1127,0.00,0.00,0.00,1463317.39
2021,3,15,100,1,1211,0.00,0.00,0.00,13591561.29
2021,9,15,100,1,1211,0.00,0.00,0.00,11204925.36
2021,1,15,124,1,0,600.00,0.00,600.00,0.00
2021,1,15,137,1,0,100000.00,0.00,100000.00,0.00
2021,1,15,140,2,0,45573000.00,0.00,45573000.00,0.00
2021,1,15,150,1,0,10000.00,0.00,10000.00,0.00
2021,1,45,241,1,0,1000.00,0.00,1000.00,0.00
2021,1,45,241,1,0,400000.00,0.00,400000.00,0.00
2021,8,48,244,1,0,0.00,3000000.00,3000000.00,0.00
2021,3,15,100,1,1116,0.00,0.00,0.00,101121.01
2021,5,15,100,1,1116,0.00,0.00,0.00,154323.79
2021,4,15,100,1,1117,0.00,0.00,0.00,47349.07
2021,12,15,100,1,1117,0.00,0.00,0.00,32024.11
2021,1,15,100,1,1121,0.00,0.00,0.00,28599883.70
2021,3,15,100,1,1121,0.00,0.00,0.00,29408316.13
2021,11,15,100,1,1121,0.00,0.00,0.00,24466215.37
2021,1,48,244,1,0,10950000.00,0.00,10950000.00,0.00
2021,6,48,254,1,0,0.00,17284146.09,17284146.09,0.00
2021,7,48,254,1,0,0.00,5315617.88,5315617.88,0.00
2021,8,48,254,1,0,0.00,5760000.00,5760000.00,0.00
2021,1,50,242,7,0,25000000.00,0.00,25000000.00,0.00
2021,12,15,100,1,1315,0.00,0.00,0.00,2933.51
2021,4,15,100,1,1316,0.00,0.00,0.00,5083.55
2021,8,15,100,1,1316,0.00,0.00,0.00,2904.27
2021,6,15,100,1,1317,0.00,0.00,0.00,4386.11
2021,11,15,100,1,1317,0.00,0.00,0.00,7071.52
2021,1,15,100,1,1326,0.00,0.00,0.00,351.77
2021,5,15,100,1,1326,0.00,0.00,0.00,92.13
2021,4,15,100,1,1311,0.00,0.00,0.00,81849.87
2021,10,15,100,1,1311,0.00,0.00,0.00,127717.43
2021,9,15,100,1,1312,0.00,0.00,0.00,108.00
2021,4,15,100,1,1313,0.00,0.00,0.00,2450.74
2021,11,15,100,1,1313,0.00,0.00,0.00,6731.46
2021,4,15,100,1,1314,0.00,0.00,0.00,3163.52
2021,5,15,100,1,1314,0.00,0.00,0.00,6525.29
2021,4,15,100,1,1315,0.00,0.00,0.00,65.91
2021,1,48,244,1,0,21030000.00,0.00,21030000.00,0.00
2021,1,48,254,1,0,10000.00,1450000.00,1460000.00,0.00
2021,3,48,254,1,0,0.00,960000.00,960000.00,0.00
2021,1,48,256,1,0,10000.00,0.00,10000.00,0.00
2021,1,48,257,2,0,10000.00,0.00,10000.00,0.00
2021,3,15,100,1,1122,0.00,0.00,0.00,1776313.95
2021,5,15,100,1,1122,0.00,0.00,0.00,1320341.15
2021,8,15,100,1,1123,0.00,0.00,0.00,473453.13
2021,9,15,100,1,1123,0.00,0.00,0.00,650581.51
2021,2,15,100,1,1124,0.00,0.00,0.00,309477.30
2021,5,15,100,1,1124,0.00,0.00,0.00,385610.36
2021,7,15,100,1,1124,0.00,0.00,0.00,497421.25
2021,1,50,241,1,0,50000.00,0.00,50000.00,0.00
2021,1,50,241,1,0,800000.00,0.00,800000.00,0.00
2021,1,50,241,1,0,2000.00,0.00,2000.00,0.00
2021,1,59,241,1,0,15000.00,0.00,15000.00,0.00
2021,1,59,245,1,0,25000.00,0.00,25000.00,0.00
2021,1,61,249,7,0,7000000.00,0.00,7000000.00,0.00
2021,1,61,249,7,0,1300000.00,0.00,1300000.00,0.00
2021,7,15,100,1,1326,0.00,0.00,0.00,92.13
2021,9,15,100,1,1326,0.00,0.00,0.00,92.13
2021,11,15,100,1,1326,0.00,0.00,0.00,128.20
2021,2,15,100,1,1327,0.00,0.00,0.00,4111.57
2021,10,15,100,1,1327,0.00,0.00,0.00,817.12
2021,3,15,100,1,1332,0.00,0.00,0.00,141.22
2021,12,15,100,1,1332,0.00,0.00,0.00,15.58
2021,7,15,100,1,1315,0.00,0.00,0.00,2077.44
2021,7,15,100,1,1316,0.00,0.00,0.00,3886.69
2021,12,15,100,1,1316,0.00,0.00,0.00,3543.39
2021,1,15,100,1,1317,0.00,0.00,0.00,5139.64
2021,12,15,100,1,1324,0.00,0.00,0.00,15696.94
2021,4,15,100,1,1326,0.00,0.00,0.00,32.78
2021,10,15,100,1,1326,0.00,0.00,0.00,92.13
2021,10,48,257,2,0,0.00,2078341.00,2078341.00,0.00
2021,1,49,241,1,0,40000.00,0.00,40000.00,0.00
2021,1,49,241,2,0,20000.00,0.00,20000.00,0.00
2021,1,50,241,1,0,1900000.00,0.00,1900000.00,0.00
2021,1,53,242,2,0,14900000.00,0.00,14900000.00,0.00
2021,1,59,243,1,0,130000.00,0.00,130000.00,0.00
2021,1,59,241,1,0,500.00,0.00,500.00,0.00
2021,11,15,100,1,1124,0.00,0.00,0.00,1323269.36
2021,3,15,100,1,1125,0.00,0.00,0.00,1643736.19
2021,6,15,100,1,1125,0.00,0.00,0.00,1128057.99
2021,9,15,100,1,1125,0.00,0.00,0.00,1226325.16
2021,1,15,100,1,1126,0.00,0.00,0.00,643441.32
2021,2,15,100,1,1126,0.00,0.00,0.00,655045.25
2021,4,15,100,1,1126,0.00,0.00,0.00,658968.92
2021,1,61,249,1,0,380000.00,0.00,380000.00,0.00
2021,1,64,241,1,0,1000.00,0.00,1000.00,0.00
2021,1,64,241,1,0,1000.00,0.00,1000.00,0.00
2021,1,69,241,1,0,10000.00,0.00,10000.00,0.00
2021,1,15,100,1,1111,0.00,0.00,0.00,327352.82
2021,4,15,100,1,1111,0.00,0.00,0.00,506864.80
2021,8,15,100,1,1111,0.00,0.00,0.00,481543.77
2021,1,15,100,1,1333,0.00,0.00,0.00,518389.33
2021,7,15,100,1,1334,0.00,0.00,0.00,198435.37
2021,4,15,100,1,1335,0.00,0.00,0.00,23883667.05
2021,8,15,100,1,1335,0.00,0.00,0.00,27004231.65
2021,11,15,100,1,1335,0.00,0.00,0.00,28785086.09
2021,2,15,100,1,1336,0.00,0.00,0.00,150443.31
2021,6,15,100,1,1336,0.00,0.00,0.00,95282.64
2021,10,15,100,1,1336,0.00,0.00,0.00,21809.33
2021,7,15,100,1,1327,0.00,0.00,0.00,2909.11
2021,8,15,100,1,1327,0.00,0.00,0.00,844.06
2021,1,15,100,1,1331,0.00,0.00,0.00,4485802.10
2021,5,15,100,1,1331,0.00,0.00,0.00,4335628.32
2021,8,15,100,1,1331,0.00,0.00,0.00,4399839.51
2021,9,15,100,1,1331,0.00,0.00,0.00,4270380.75
2021,5,15,100,1,1332,0.00,0.00,0.00,3363.82
2021,1,61,249,1,0,15000.00,0.00,15000.00,0.00
2021,1,61,250,1,0,25544000.00,0.00,25544000.00,0.00
2021,1,61,249,1,0,92000000.00,0.00,92000000.00,0.00
2021,1,61,249,7,0,110000000.00,0.00,110000000.00,0.00
2021,1,61,249,7,0,20000000.00,0.00,20000000.00,0.00
2021,1,61,249,7,0,2500000.00,0.00,2500000.00,0.00
2021,11,15,100,1,1126,0.00,0.00,0.00,1073908.07
2021,4,15,100,1,1127,0.00,0.00,0.00,721586.43
2021,12,15,100,1,1127,0.00,0.00,0.00,768676.84
2021,5,15,100,1,1211,0.00,0.00,0.00,10487886.54
2021,8,15,100,1,1211,0.00,0.00,0.00,10690417.86
2021,12,15,100,1,1211,0.00,0.00,0.00,7081245.50
2021,2,15,100,1,1311,0.00,0.00,0.00,556407.77
2021,5,15,100,1,1112,0.00,0.00,0.00,10904.55
2021,9,15,100,1,1112,0.00,0.00,0.00,37447.81
2021,10,15,100,1,1112,0.00,0.00,0.00,36293.12
2021,12,15,100,1,1112,0.00,0.00,0.00,24573.44
2021,2,15,100,1,1113,0.00,0.00,0.00,28008.05
2021,6,15,100,1,1113,0.00,0.00,0.00,7704.60
2021,10,15,100,1,1113,0.00,0.00,0.00,14762.03
2021,8,15,100,1,1341,0.00,0.00,0.00,7454450.39
2021,4,15,100,1,1342,0.00,0.00,0.00,17190.54
2021,5,15,100,1,1342,0.00,0.00,0.00,36551.48
2021,7,15,100,1,1342,0.00,0.00,0.00,89343.39
2021,10,15,100,1,1342,0.00,0.00,0.00,55630.09
2021,11,15,100,1,1342,0.00,0.00,0.00,7381.42
2021,1,15,100,1,1343,0.00,0.00,0.00,20334506.48
2021,6,15,100,1,1333,0.00,0.00,0.00,6680830.17
2021,9,15,100,1,1333,0.00,0.00,0.00,17029026.06
2021,12,15,100,1,1333,0.00,0.00,0.00,4456253.51
2021,5,15,100,1,1334,0.00,0.00,0.00,544986.60
2021,3,15,100,1,1335,0.00,0.00,0.00,23543664.65
2021,5,15,100,1,1335,0.00,0.00,0.00,23480977.78
2021,5,15,100,1,1336,0.00,0.00,0.00,49438.28
2021,1,61,249,1,0,2000000.00,0.00,2000000.00,0.00
2021,1,64,241,1,0,799000.00,0.00,799000.00,0.00
2021,1,64,241,1,0,150000.00,0.00,150000.00,0.00
2021,9,69,253,1,0,0.00,185693.47,185693.47,0.00
2021,2,15,100,1,1111,0.00,0.00,0.00,3854365.62
2021,11,15,100,1,1111,0.00,0.00,0.00,441162.33
2021,3,15,100,1,1112,0.00,0.00,0.00,71875.21
2021,3,15,100,1,1311,0.00,0.00,0.00,156580.93
2021,2,15,100,1,1313,0.00,0.00,0.00,869.88
2021,10,15,100,1,1314,0.00,0.00,0.00,29831.86
2021,11,15,100,1,1314,0.00,0.00,0.00,11468.09
2021,5,15,100,1,1315,0.00,0.00,0.00,289.50
2021,9,15,100,1,1315,0.00,0.00,0.00,412.58
2021,11,15,100,1,1315,0.00,0.00,0.00,6829.80
2021,1,15,100,1,1114,0.00,0.00,0.00,8112.83
2021,4,15,100,1,1114,0.00,0.00,0.00,3010.40
2021,10,15,100,1,1114,0.00,0.00,0.00,73250.56
2021,12,15,100,1,1114,0.00,0.00,0.00,109765.32
2021,3,15,100,1,1115,0.00,0.00,0.00,222328.35
2021,5,15,100,1,1115,0.00,0.00,0.00,24613.56
2021,8,15,100,1,1115,0.00,0.00,0.00,28047.20
2021,2,15,100,1,1344,0.00,0.00,0.00,300021.01
2021,7,15,100,1,1344,0.00,0.00,0.00,139311.20
2021,10,15,100,1,1344,0.00,0.00,0.00,9662.58
2021,11,15,100,1,1344,0.00,0.00,0.00,30917.71
2021,11,15,100,1,1345,0.00,0.00,0.00,7126406.67
2021,10,15,100,1,1346,0.00,0.00,0.00,33554.49
2021,12,15,100,1,1346,0.00,0.00,0.00,2617.73
2021,7,15,100,1,1336,0.00,0.00,0.00,1514312.24
2021,12,15,100,1,1336,0.00,0.00,0.00,474.74
2021,6,15,100,1,1341,0.00,0.00,0.00,6498435.83
2021,9,15,100,1,1341,0.00,0.00,0.00,6300669.77
2021,10,15,100,1,1341,0.00,0.00,0.00,7127149.01
2021,12,15,100,1,1341,0.00,0.00,0.00,6765964.37
2021,1,15,100,1,1342,0.00,0.00,0.00,1227928.33
2021,4,15,100,1,1112,0.00,0.00,0.00,36474.45
2021,7,15,100,1,1113,0.00,0.00,0.00,2926.78
2021,9,15,100,1,1113,0.00,0.00,0.00,2789.84
2021,5,15,100,1,1114,0.00,0.00,0.00,11145.28
2021,9,15,100,1,1114,0.00,0.00,0.00,65053.06
2021,6,15,100,1,1115,0.00,0.00,0.00,29554.67
2021,1,15,100,1,1116,0.00,0.00,0.00,19423.09
2021,5,15,100,1,1316,0.00,0.00,0.00,3803.84
2021,9,15,100,1,1316,0.00,0.00,0.00,4371.76
2021,4,15,100,1,1317,0.00,0.00,0.00,8272.02
2021,5,15,100,1,1317,0.00,0.00,0.00,5175.66
2021,7,15,100,1,1317,0.00,0.00,0.00,5581.76
2021,8,15,100,1,1317,0.00,0.00,0.00,3140.37
2021,2,15,100,1,1326,0.00,0.00,0.00,100.87
2021,11,15,100,1,1115,0.00,0.00,0.00,31302.56
2021,12,15,100,1,1115,0.00,0.00,0.00,31354.91
2021,8,15,100,1,1116,0.00,0.00,0.00,31298.91
2021,10,15,100,1,1116,0.00,0.00,0.00,27561.06
2021,2,15,100,1,1117,0.00,0.00,0.00,31354.67
2021,3,15,100,1,1117,0.00,0.00,0.00,68225.12
2021,5,15,100,1,1117,0.00,0.00,0.00,18677.36
2021,2,15,100,1,1351,0.00,0.00,0.00,24254.90
2021,7,15,100,1,1351,0.00,0.00,0.00,50132.03
2021,10,15,100,1,1351,0.00,0.00,0.00,305670.33
2021,11,15,100,1,1351,0.00,0.00,0.00,91670.69
2021,11,15,100,1,1352,0.00,0.00,0.00,42801.56
2021,4,15,100,1,1353,0.00,0.00,0.00,2902.76
2021,6,15,100,1,1353,0.00,0.00,0.00,3802.78
2021,2,15,100,1,1343,0.00,0.00,0.00,15394221.50
2021,6,15,100,1,1343,0.00,0.00,0.00,17538538.26
2021,11,15,100,1,1343,0.00,0.00,0.00,18423606.89
2021,12,15,100,1,1343,0.00,0.00,0.00,21020102.31
2021,3,15,100,1,1344,0.00,0.00,0.00,99315.26
2021,9,15,100,1,1344,0.00,0.00,0.00,20078.38
2021,7,15,100,1,1345,0.00,0.00,0.00,6573930.01
2021,8,15,100,1,1345,0.00,0.00,0.00,6496467.75
2021,9,15,100,1,1116,0.00,0.00,0.00,69817.27
2021,11,15,100,1,1116,0.00,0.00,0.00,17924.31
2021,1,15,100,1,1117,0.00,0.00,0.00,22011.65
2021,7,15,100,1,1117,0.00,0.00,0.00,23501.67
2021,7,15,100,1,1121,0.00,0.00,0.00,26076500.55
2021,8,15,100,1,1121,0.00,0.00,0.00,26504960.20
2021,1,15,100,1,1122,0.00,0.00,0.00,2822624.74
2021,3,15,100,1,1326,0.00,0.00,0.00,92.13
2021,3,15,100,1,1327,0.00,0.00,0.00,2207.76
2021,5,15,100,1,1327,0.00,0.00,0.00,2643.68
2021,11,15,100,1,1327,0.00,0.00,0.00,1197.57
2021,12,15,100,1,1327,0.00,0.00,0.00,380.51
2021,7,15,100,1,1331,0.00,0.00,0.00,4677370.67
2021,2,15,100,1,1332,0.00,0.00,0.00,41578.05
2021,9,15,100,1,1117,0.00,0.00,0.00,44677.07
2021,11,15,100,1,1117,0.00,0.00,0.00,42961.84
2021,6,15,100,1,1121,0.00,0.00,0.00,26446369.58
2021,12,15,100,1,1121,0.00,0.00,0.00,3052739.91
2021,8,15,100,1,1122,0.00,0.00,0.00,1777557.81
2021,10,15,100,1,1122,0.00,0.00,0.00,2497673.58
2021,3,15,100,1,1123,0.00,0.00,0.00,777638.20
2021,1,15,100,1,1354,0.00,0.00,0.00,749906.87
2021,2,15,100,1,1354,0.00,0.00,0.00,732308.83
2021,6,15,100,1,1354,0.00,0.00,0.00,1070837.07
2021,9,15,100,1,1354,0.00,0.00,0.00,1097941.14
2021,10,15,100,1,1354,0.00,0.00,0.00,731540.07
2021,11,15,100,1,1354,0.00,0.00,0.00,1368724.92
2021,5,15,100,1,1355,0.00,0.00,0.00,1018203.58
2021,10,15,100,1,1345,0.00,0.00,0.00,7020680.44
2021,12,15,100,1,1345,0.00,0.00,0.00,7258910.25
2021,4,15,100,1,1346,0.00,0.00,0.00,287187.46
2021,7,15,100,1,1346,0.00,0.00,0.00,36624.66
2021,3,15,100,1,1351,0.00,0.00,0.00,58949.35
2021,9,15,100,1,1351,0.00,0.00,0.00,11862.26
2021,10,15,100,1,1352,0.00,0.00,0.00,19927.20
2021,9,15,100,1,1122,0.00,0.00,0.00,1681973.94
2021,11,15,100,1,1122,0.00,0.00,0.00,1851644.02
2021,2,15,100,1,1123,0.00,0.00,0.00,1460810.28
2021,1,15,100,1,1124,0.00,0.00,0.00,192603.60
2021,12,15,100,1,1124,0.00,0.00,0.00,1557516.15
2021,4,15,100,1,1125,0.00,0.00,0.00,1193087.17
2021,5,15,100,1,1125,0.00,0.00,0.00,1220845.70
2021,6,15,100,1,1332,0.00,0.00,0.00,1457.95
2021,2,15,100,1,1333,0.00,0.00,0.00,9362935.41
2021,7,15,100,1,1333,0.00,0.00,0.00,15876246.64
2021,8,15,100,1,1333,0.00,0.00,0.00,15083488.25
2021,10,15,100,1,1333,0.00,0.00,0.00,15215166.27
2021,1,15,100,1,1334,0.00,0.00,0.00,13401014.77
2021,4,15,100,1,1334,0.00,0.00,0.00,647508.49
2021,6,15,100,1,1123,0.00,0.00,0.00,1165660.33
2021,11,15,100,1,1123,0.00,0.00,0.00,1249463.87
2021,6,15,100,1,1124,0.00,0.00,0.00,304065.38
2021,2,15,100,1,1125,0.00,0.00,0.00,1418597.32
2021,12,15,100,1,1125,0.00,0.00,0.00,996680.40
2021,7,15,100,1,1126,0.00,0.00,0.00,801919.22
2021,5,15,100,1,1127,0.00,0.00,0.00,774541.46
2021,8,15,100,1,1355,0.00,0.00,0.00,999223.03
2021,9,15,100,1,1355,0.00,0.00,0.00,920297.27
2021,1,15,100,1,1356,0.00,0.00,0.00,205616.09
2021,10,15,100,1,1361,0.00,0.00,0.00,25862.61
2021,2,15,100,1,1362,0.00,0.00,0.00,101760.91
2021,1,15,100,1,1363,0.00,0.00,0.00,1566.13
2021,12,15,100,1,1363,0.00,0.00,0.00,32721.11
2021,12,15,100,1,1352,0.00,0.00,0.00,27743.01
2021,7,15,100,1,1353,0.00,0.00,0.00,14217.21
2021,3,15,100,1,1354,0.00,0.00,0.00,902912.71
2021,12,15,100,1,1354,0.00,0.00,0.00,306872.27
2021,4,15,100,1,1355,0.00,0.00,0.00,945678.71
2021,8,15,100,1,1356,0.00,0.00,0.00,209755.38
2021,10,15,100,1,1356,0.00,0.00,0.00,530019.45
2021,3,15,100,1,1126,0.00,0.00,0.00,749745.36
2021,12,15,100,1,1126,0.00,0.00,0.00,675762.32
2021,1,15,100,1,1127,0.00,0.00,0.00,585584.50
2021,2,15,100,1,1127,0.00,0.00,0.00,613739.45
2021,6,15,100,1,1127,0.00,0.00,0.00,746095.75
2021,4,15,100,1,1211,0.00,0.00,0.00,10453656.24
2021,5,15,100,1,1313,0.00,0.00,0.00,5742.86
2021,6,15,100,1,1334,0.00,0.00,0.00,689566.99
2021,7,15,100,1,1335,0.00,0.00,0.00,27649093.82
2021,10,15,100,1,1335,0.00,0.00,0.00,29086611.79
2021,3,15,100,1,1341,0.00,0.00,0.00,6309597.79
2021,2,15,100,1,1342,0.00,0.00,0.00,72437.64
2021,8,15,100,1,1342,0.00,0.00,0.00,6278.38
2021,3,15,100,1,1343,0.00,0.00,0.00,17486766.50
2021,7,15,100,1,1127,0.00,0.00,0.00,664418.14
2021,9,15,100,1,1127,0.00,0.00,0.00,815750.98
2021,1,15,100,1,1211,0.00,0.00,0.00,10758693.99
2021,6,15,100,1,1211,0.00,0.00,0.00,9750824.75
2021,6,15,100,1,1311,0.00,0.00,0.00,364568.02
2021,8,15,100,1,1311,0.00,0.00,0.00,643332.07
2021,12,15,100,1,1311,0.00,0.00,0.00,99300.89
2021,9,15,100,1,1366,0.00,0.00,0.00,305422.90
2021,11,15,100,1,1366,0.00,0.00,0.00,330885.71
2021,10,15,100,1,1371,0.00,0.00,0.00,2272.38
2021,11,15,100,1,1371,0.00,0.00,0.00,7861.50
2021,2,15,100,1,1374,0.00,0.00,0.00,81051.93
2021,3,15,100,1,1374,0.00,0.00,0.00,71129.55
2021,12,15,100,1,1374,0.00,0.00,0.00,42461.71
2021,7,15,100,1,1361,0.00,0.00,0.00,171667.08
2021,11,15,100,1,1361,0.00,0.00,0.00,302725.65
2021,12,15,100,1,1361,0.00,0.00,0.00,181969.91
2021,6,15,100,1,1363,0.00,0.00,0.00,89083.45
2021,10,15,100,1,1363,0.00,0.00,0.00,237116.73
2021,1,15,100,1,1364,0.00,0.00,0.00,51021.84
2021,2,15,100,1,1364,0.00,0.00,0.00,51259.62
2021,7,15,100,1,1313,0.00,0.00,0.00,3202.91
2021,6,15,100,1,1314,0.00,0.00,0.00,5239.10
2021,6,15,100,1,1315,0.00,0.00,0.00,592.47
2021,8,15,100,1,1315,0.00,0.00,0.00,79.02
2021,10,15,100,1,1316,0.00,0.00,0.00,11705.19
2021,11,15,100,1,1316,0.00,0.00,0.00,6240.81
2021,3,15,100,1,1317,0.00,0.00,0.00,4213.94
2021,5,15,100,1,1344,0.00,0.00,0.00,105396.68
2021,8,15,100,1,1344,0.00,0.00,0.00,15696.16
2021,12,15,100,1,1344,0.00,0.00,0.00,66008.53
2021,2,15,100,1,1345,0.00,0.00,0.00,5291362.23
2021,3,15,100,1,1345,0.00,0.00,0.00,5915991.44
2021,5,15,100,1,1345,0.00,0.00,0.00,6415296.21
2021,6,15,100,1,1345,0.00,0.00,0.00,6631821.91
2021,9,15,100,1,1345,0.00,0.00,0.00,9026548.93
2021,1,15,100,1,1313,0.00,0.00,0.00,810.59
2021,6,15,100,1,1313,0.00,0.00,0.00,2965.66
2021,9,15,100,1,1313,0.00,0.00,0.00,3568.24
2021,3,15,100,1,1314,0.00,0.00,0.00,1186.32
2021,1,15,100,1,1315,0.00,0.00,0.00,131.82
2021,2,15,100,1,1315,0.00,0.00,0.00,65.91
2021,3,15,100,1,1315,0.00,0.00,0.00,65.91
2021,1,15,100,1,1316,0.00,0.00,0.00,4779.18
2021,2,15,100,1,1375,0.00,0.00,0.00,18614.19
2021,1,15,100,1,1376,0.00,0.00,0.00,11036.27
2021,4,15,100,1,1376,0.00,0.00,0.00,11036.27
2021,7,15,100,1,1376,0.00,0.00,0.00,15215.24
2021,8,15,100,1,1376,0.00,0.00,0.00,13095.58
2021,1,15,100,1,1381,0.00,0.00,0.00,4147.68
2021,8,15,100,1,1382,0.00,0.00,0.00,797.76
2021,4,15,100,1,1364,0.00,0.00,0.00,56072.89
2021,2,15,100,1,1365,0.00,0.00,0.00,67033.81
2021,3,15,100,1,1365,0.00,0.00,0.00,109571.12
2021,11,15,100,1,1365,0.00,0.00,0.00,82380.09
2021,12,15,100,1,1365,0.00,0.00,0.00,36498.32
2021,8,15,100,1,1366,0.00,0.00,0.00,311945.48
2021,1,15,100,1,1371,0.00,0.00,0.00,77763.41
2021,10,15,100,1,1317,0.00,0.00,0.00,8444.27
2021,4,15,100,1,1327,0.00,0.00,0.00,1868.79
2021,2,15,100,1,1331,0.00,0.00,0.00,4128777.07
2021,4,15,100,1,1331,0.00,0.00,0.00,4646464.68
2021,6,15,100,1,1331,0.00,0.00,0.00,4487908.52
2021,10,15,100,1,1331,0.00,0.00,0.00,4130742.15
2021,11,15,100,1,1331,0.00,0.00,0.00,4490631.50
2021,5,15,100,1,1346,0.00,0.00,0.00,41541.65
2021,9,15,100,1,1346,0.00,0.00,0.00,12047.86
2021,11,15,100,1,1346,0.00,0.00,0.00,7421.16
2021,5,15,100,1,1351,0.00,0.00,0.00,696.68
2021,8,15,100,1,1351,0.00,0.00,0.00,41705.62
2021,12,15,100,1,1351,0.00,0.00,0.00,7578.04
2021,1,15,100,1,1352,0.00,0.00,0.00,69014.31
2021,2,15,100,1,1316,0.00,0.00,0.00,2985.78
2021,3,15,100,1,1316,0.00,0.00,0.00,3217.09
2021,6,15,100,1,1316,0.00,0.00,0.00,4778.06
2021,2,15,100,1,1317,0.00,0.00,0.00,6012.41
2021,9,15,100,1,1317,0.00,0.00,0.00,6910.52
2021,12,15,100,1,1317,0.00,0.00,0.00,2769.12
2021,6,15,100,1,1326,0.00,0.00,0.00,92.13
2021,7,15,100,1,1384,0.00,0.00,0.00,1652.14
2021,1,15,100,1,1385,0.00,0.00,0.00,1447.15
2021,2,15,100,1,1386,0.00,0.00,0.00,70999.73
2021,7,15,100,1,1386,0.00,0.00,0.00,71461.54
2021,2,15,100,1,1467,0.00,0.00,0.00,15909511.41
2021,4,15,100,1,1467,0.00,0.00,0.00,15906135.44
2021,5,15,100,1,1467,0.00,0.00,0.00,17487152.27
2021,3,15,100,1,1371,0.00,0.00,0.00,1722.96
2021,5,15,100,1,1371,0.00,0.00,0.00,4287.62
2021,1,15,100,1,1374,0.00,0.00,0.00,51219.40
2021,5,15,100,1,1375,0.00,0.00,0.00,10125.12
2021,7,15,100,1,1375,0.00,0.00,0.00,18849.50
2021,11,15,100,1,1375,0.00,0.00,0.00,17901.15
2021,12,15,100,1,1376,0.00,0.00,0.00,15506.56
2021,12,15,100,1,1331,0.00,0.00,0.00,4188868.36
2021,4,15,100,1,1332,0.00,0.00,0.00,8449.20
2021,5,15,100,1,1333,0.00,0.00,0.00,6692125.68
2021,3,15,100,1,1334,0.00,0.00,0.00,766437.66
2021,2,15,100,1,1335,0.00,0.00,0.00,23095176.18
2021,12,15,100,1,1335,0.00,0.00,0.00,29186598.82
2021,1,15,100,1,1336,0.00,0.00,0.00,724796.29
2021,2,15,100,1,1352,0.00,0.00,0.00,61301.10
2021,8,15,100,1,1354,0.00,0.00,0.00,834333.54
2021,2,15,100,1,1355,0.00,0.00,0.00,881236.59
2021,7,15,100,1,1355,0.00,0.00,0.00,948572.13
2021,11,15,100,1,1355,0.00,0.00,0.00,1176223.50
2021,4,15,100,1,1356,0.00,0.00,0.00,182433.50
2021,7,15,100,1,1356,0.00,0.00,0.00,177114.04
2021,8,15,100,1,1326,0.00,0.00,0.00,92.13
2021,12,15,100,1,1326,0.00,0.00,0.00,32.78
2021,1,15,100,1,1327,0.00,0.00,0.00,14468.36
2021,6,15,100,1,1327,0.00,0.00,0.00,2640.42
2021,9,15,100,1,1327,0.00,0.00,0.00,869.52
2021,3,15,100,1,1331,0.00,0.00,0.00,4372928.95
2021,1,15,100,1,1332,0.00,0.00,0.00,86362.38
2021,9,15,100,1,1467,0.00,0.00,0.00,17570470.60
2021,1,15,100,1,1468,0.00,0.00,0.00,853459.63
2021,7,15,100,1,1468,0.00,0.00,0.00,585428.16
2021,1,15,135,1,2112,0.00,0.00,0.00,174.33
2021,5,15,135,1,2112,0.00,0.00,0.00,860.95
2021,7,15,135,1,2112,0.00,0.00,0.00,398.70
2021,12,15,135,1,2112,0.00,0.00,0.00,345.12
2021,3,15,135,1,2113,0.00,0.00,0.00,19211.52
2021,10,15,100,1,1381,0.00,0.00,0.00,139.87
2021,11,15,100,1,1381,0.00,0.00,0.00,21092.62
2021,11,15,100,1,1383,0.00,0.00,0.00,64282.33
2021,1,15,100,1,1384,0.00,0.00,0.00,3341.42
2021,2,15,100,1,1384,0.00,0.00,0.00,1777.05
2021,4,15,100,1,1384,0.00,0.00,0.00,1777.04
2021,8,15,100,1,1384,0.00,0.00,0.00,3331.22
2021,8,15,100,1,1336,0.00,0.00,0.00,178981.58
2021,9,15,100,1,1336,0.00,0.00,0.00,24207.91
2021,1,15,100,1,1341,0.00,0.00,0.00,5280814.80
2021,4,15,100,1,1341,0.00,0.00,0.00,5781249.96
2021,7,15,100,1,1341,0.00,0.00,0.00,6453323.13
2021,11,15,100,1,1341,0.00,0.00,0.00,6744658.00
2021,6,15,100,1,1342,0.00,0.00,0.00,14268.19
2021,4,15,100,1,1361,0.00,0.00,0.00,5553.82
2021,5,15,100,1,1363,0.00,0.00,0.00,76443.12
2021,11,15,100,1,1363,0.00,0.00,0.00,40534.48
2021,9,15,100,1,1364,0.00,0.00,0.00,62150.66
2021,7,15,100,1,1365,0.00,0.00,0.00,84698.42
2021,1,15,100,1,1366,0.00,0.00,0.00,309164.77
2021,4,15,100,1,1366,0.00,0.00,0.00,528276.34
2021,8,15,100,1,1332,0.00,0.00,0.00,221.49
2021,9,15,100,1,1332,0.00,0.00,0.00,301.76
2021,10,15,100,1,1332,0.00,0.00,0.00,19.52
2021,3,15,100,1,1333,0.00,0.00,0.00,10054572.50
2021,4,15,100,1,1333,0.00,0.00,0.00,7028831.34
2021,11,15,100,1,1333,0.00,0.00,0.00,17342746.34
2021,2,15,100,1,1334,0.00,0.00,0.00,1101084.66
2021,4,15,135,1,2113,0.00,0.00,0.00,11383.96
2021,5,15,135,1,2113,0.00,0.00,0.00,19185.11
2021,6,15,135,1,2113,0.00,0.00,0.00,15649.07
2021,2,15,135,1,2114,0.00,0.00,0.00,79137.10
2021,4,15,135,1,2114,0.00,0.00,0.00,165881.02
2021,10,15,135,1,2114,0.00,0.00,0.00,331969.50
2021,11,15,135,1,2114,0.00,0.00,0.00,757598.42
2021,12,15,135,1,2114,0.00,0.00,0.00,245908.29
2021,2,15,100,1,1385,0.00,0.00,0.00,1447.15
2021,6,15,100,1,1385,0.00,0.00,0.00,1894.68
2021,11,15,100,1,1385,0.00,0.00,0.00,2244.29
2021,12,15,100,1,1385,0.00,0.00,0.00,1289.45
2021,6,15,100,1,1386,0.00,0.00,0.00,71326.04
2021,10,15,100,1,1467,0.00,0.00,0.00,17912705.03
2021,3,15,100,1,1468,0.00,0.00,0.00,658983.94
2021,8,15,100,1,1343,0.00,0.00,0.00,19512079.51
2021,9,15,100,1,1343,0.00,0.00,0.00,19611353.60
2021,10,15,100,1,1343,0.00,0.00,0.00,19589528.77
2021,4,15,100,1,1344,0.00,0.00,0.00,436684.68
2021,1,15,100,1,1345,0.00,0.00,0.00,7251033.04
2021,6,15,100,1,1346,0.00,0.00,0.00,11342.87
2021,8,15,100,1,1346,0.00,0.00,0.00,96854.58
2021,4,15,100,1,1351,0.00,0.00,0.00,20369.19
2021,6,15,100,1,1366,0.00,0.00,0.00,305590.00
2021,10,15,100,1,1366,0.00,0.00,0.00,917217.24
2021,4,15,100,1,1371,0.00,0.00,0.00,20401.37
2021,6,15,100,1,1374,0.00,0.00,0.00,92165.29
2021,1,15,100,1,1375,0.00,0.00,0.00,18341.18
2021,3,15,100,1,1375,0.00,0.00,0.00,17487.86
2021,4,15,100,1,1375,0.00,0.00,0.00,18639.42
2021,1,15,100,1,1335,0.00,0.00,0.00,26852699.91
2021,6,15,100,1,1335,0.00,0.00,0.00,24829634.55
2021,9,15,100,1,1335,0.00,0.00,0.00,28390785.90
2021,3,15,100,1,1336,0.00,0.00,0.00,140515.18
2021,4,15,100,1,1336,0.00,0.00,0.00,156464.87
2021,11,15,100,1,1336,0.00,0.00,0.00,4276.84
2021,2,15,100,1,1341,0.00,0.00,0.00,3363921.91
2021,8,15,135,1,2116,0.00,0.00,0.00,77675.52
2021,2,15,135,1,2117,0.00,0.00,0.00,164773.10
2021,4,15,135,1,2117,0.00,0.00,0.00,208885.27
2021,10,15,135,1,2117,0.00,0.00,0.00,339358.84
2021,11,15,135,1,2117,0.00,0.00,0.00,308185.66
2021,12,15,135,1,2117,0.00,0.00,0.00,290125.03
2021,2,15,121,1,2122,0.00,0.00,0.00,165.27
2021,5,15,100,1,1468,0.00,0.00,0.00,533704.26
2021,2,15,135,1,2112,0.00,0.00,0.00,1786.53
2021,6,15,135,1,2112,0.00,0.00,0.00,438.17
2021,8,15,135,1,2112,0.00,0.00,0.00,574.50
2021,9,15,135,1,2112,0.00,0.00,0.00,1469.64
2021,11,15,135,1,2112,0.00,0.00,0.00,5919.48
2021,9,15,135,1,2113,0.00,0.00,0.00,23214.02
2021,4,15,100,1,1352,0.00,0.00,0.00,28233.50
2021,7,15,100,1,1352,0.00,0.00,0.00,12548.14
2021,9,15,100,1,1352,0.00,0.00,0.00,10341.94
2021,8,15,100,1,1353,0.00,0.00,0.00,39570.21
2021,7,15,100,1,1354,0.00,0.00,0.00,757508.77
2021,1,15,100,1,1355,0.00,0.00,0.00,1045197.47
2021,10,15,100,1,1355,0.00,0.00,0.00,1030949.16
2021,8,15,100,1,1375,0.00,0.00,0.00,18637.54
2021,10,15,100,1,1375,0.00,0.00,0.00,19534.47
2021,9,15,100,1,1376,0.00,0.00,0.00,14573.25
2021,10,15,100,1,1376,0.00,0.00,0.00,14573.74
2021,11,15,100,1,1376,0.00,0.00,0.00,18635.76
2021,12,15,100,1,1381,0.00,0.00,0.00,10124.64
2021,5,15,100,1,1384,0.00,0.00,0.00,3331.86
2021,5,15,100,1,1341,0.00,0.00,0.00,7457700.74
2021,3,15,100,1,1342,0.00,0.00,0.00,117146.71
2021,9,15,100,1,1342,0.00,0.00,0.00,16443.51
2021,12,15,100,1,1342,0.00,0.00,0.00,300.50
2021,4,15,100,1,1343,0.00,0.00,0.00,20427468.95
2021,5,15,100,1,1343,0.00,0.00,0.00,17747590.17
2021,7,15,100,1,1343,0.00,0.00,0.00,19431975.43
2021,2,15,121,1,2125,0.00,0.00,0.00,3.05
2021,4,15,121,1,2125,0.00,0.00,0.00,3.05
2021,4,15,121,1,2127,0.00,0.00,0.00,489.04
2021,6,15,121,1,2127,0.00,0.00,0.00,197.67
2021,1,15,135,1,2141,0.00,0.00,0.00,9064048.09
2021,4,15,135,1,2142,0.00,0.00,0.00,408624.89
2021,7,15,135,1,2142,0.00,0.00,0.00,425943.42
2021,10,15,135,1,2113,0.00,0.00,0.00,53926.60
2021,12,15,135,1,2113,0.00,0.00,0.00,32274.17
2021,1,15,135,1,2114,0.00,0.00,0.00,54687.49
2021,6,15,135,1,2114,0.00,0.00,0.00,213121.08
2021,1,15,135,1,2115,0.00,0.00,0.00,13837.38
2021,4,15,135,1,2115,0.00,0.00,0.00,10695.91
2021,6,15,135,1,2115,0.00,0.00,0.00,9680.04
2021,11,15,135,1,2115,0.00,0.00,0.00,17512.71
2021,12,15,100,1,1355,0.00,0.00,0.00,246979.15
2021,2,15,100,1,1356,0.00,0.00,0.00,168223.98
2021,6,15,100,1,1356,0.00,0.00,0.00,192218.53
2021,11,15,100,1,1356,0.00,0.00,0.00,221443.05
2021,12,15,100,1,1356,0.00,0.00,0.00,353920.93
2021,1,15,100,1,1361,0.00,0.00,0.00,760.72
2021,6,15,100,1,1361,0.00,0.00,0.00,307.43
2021,6,15,100,1,1384,0.00,0.00,0.00,3331.74
2021,10,15,100,1,1384,0.00,0.00,0.00,1652.06
2021,3,15,100,1,1385,0.00,0.00,0.00,3070.16
2021,5,15,100,1,1386,0.00,0.00,0.00,70973.89
2021,9,15,100,1,1386,0.00,0.00,0.00,71547.68
2021,10,15,100,1,1386,0.00,0.00,0.00,72000.70
2021,11,15,100,1,1386,0.00,0.00,0.00,71956.01
2021,1,15,100,1,1344,0.00,0.00,0.00,185506.37
2021,6,15,100,1,1344,0.00,0.00,0.00,171684.44
2021,4,15,100,1,1345,0.00,0.00,0.00,6396554.37
2021,1,15,100,1,1346,0.00,0.00,0.00,134911.47
2021,2,15,100,1,1346,0.00,0.00,0.00,201002.92
2021,3,15,100,1,1346,0.00,0.00,0.00,115918.06
2021,1,15,100,1,1351,0.00,0.00,0.00,5627.29
2021,10,15,135,1,2142,0.00,0.00,0.00,867115.21
2021,1,15,135,1,2143,0.00,0.00,0.00,197309.23
2021,4,15,135,1,2143,0.00,0.00,0.00,174722.38
2021,7,15,135,1,2143,0.00,0.00,0.00,210818.31
2021,7,15,135,1,2144,0.00,0.00,0.00,66331.17
2021,10,15,135,1,2144,0.00,0.00,0.00,99543.93
2021,3,15,135,1,2145,0.00,0.00,0.00,599199.61
2021,8,15,135,1,2145,0.00,0.00,0.00,474113.31
2021,3,15,135,1,2116,0.00,0.00,0.00,72725.32
2021,10,15,135,1,2116,0.00,0.00,0.00,98313.53
2021,11,15,135,1,2116,0.00,0.00,0.00,96054.53
2021,1,15,135,1,2117,0.00,0.00,0.00,161356.53
2021,6,15,135,1,2117,0.00,0.00,0.00,185245.77
2021,9,15,121,1,2124,0.00,0.00,0.00,829.25
2021,11,15,121,1,2126,0.00,0.00,0.00,1.78
2021,9,15,100,1,1362,0.00,0.00,0.00,180463.84
2021,3,15,100,1,1364,0.00,0.00,0.00,56570.50
2021,5,15,100,1,1364,0.00,0.00,0.00,66958.26
2021,6,15,100,1,1364,0.00,0.00,0.00,67626.34
2021,10,15,100,1,1364,0.00,0.00,0.00,72413.77
2021,1,15,100,1,1365,0.00,0.00,0.00,203931.48
2021,1,15,100,1,1467,0.00,0.00,0.00,14919928.24
2021,3,15,100,1,1467,0.00,0.00,0.00,17980971.51
2021,11,15,100,1,1467,0.00,0.00,0.00,30088986.92
2021,4,15,100,1,1468,0.00,0.00,0.00,634696.04
2021,9,15,100,1,1468,0.00,0.00,0.00,875896.23
2021,4,15,135,1,2112,0.00,0.00,0.00,1269.74
2021,11,15,135,1,2113,0.00,0.00,0.00,35302.54
2021,6,15,100,1,1351,0.00,0.00,0.00,87213.13
2021,3,15,100,1,1352,0.00,0.00,0.00,39401.47
2021,5,15,100,1,1352,0.00,0.00,0.00,45531.08
2021,6,15,100,1,1352,0.00,0.00,0.00,7245.11
2021,8,15,100,1,1352,0.00,0.00,0.00,4891.74
2021,2,15,100,1,1353,0.00,0.00,0.00,26192.22
2021,5,15,100,1,1353,0.00,0.00,0.00,11953.09
2021,9,15,100,1,1353,0.00,0.00,0.00,18855.49
2021,2,15,135,1,2146,0.00,0.00,0.00,160839.24
2021,4,15,135,1,2146,0.00,0.00,0.00,176733.36
2021,7,15,135,1,2146,0.00,0.00,0.00,229267.04
2021,12,15,135,1,2146,0.00,0.00,0.00,201427.41
2021,3,15,135,1,2147,0.00,0.00,0.00,15767.20
2021,9,15,135,1,2147,0.00,0.00,0.00,20668.47
2021,3,15,100,1,2221,0.00,0.00,0.00,972486.27
2021,5,15,100,1,2221,0.00,0.00,0.00,346774.88
2021,1,15,121,1,2127,0.00,0.00,0.00,149.29
2021,7,15,121,1,2127,0.00,0.00,0.00,193.60
2021,8,15,121,1,2127,0.00,0.00,0.00,171.18
2021,8,15,135,1,2141,0.00,0.00,0.00,9148518.84
2021,10,15,135,1,2141,0.00,0.00,0.00,8631377.43
2021,6,15,135,1,2142,0.00,0.00,0.00,491393.14
2021,3,15,135,1,2143,0.00,0.00,0.00,243693.75
2021,10,15,135,1,2143,0.00,0.00,0.00,292395.95
2021,8,15,100,1,1365,0.00,0.00,0.00,89276.87
2021,9,15,100,1,1365,0.00,0.00,0.00,79397.64
2021,3,15,100,1,1366,0.00,0.00,0.00,307277.24
2021,5,15,100,1,1366,0.00,0.00,0.00,305153.63
2021,12,15,100,1,1366,0.00,0.00,0.00,64148.23
2021,9,15,100,1,1371,0.00,0.00,0.00,13445.27
2021,12,15,100,1,1371,0.00,0.00,0.00,8994.72
2021,7,15,135,1,2114,0.00,0.00,0.00,97093.99
2021,8,15,135,1,2114,0.00,0.00,0.00,65936.30
2021,2,15,135,1,2115,0.00,0.00,0.00,12934.59
2021,7,15,135,1,2115,0.00,0.00,0.00,12218.62
2021,12,15,135,1,2115,0.00,0.00,0.00,8377.17
2021,4,15,135,1,2116,0.00,0.00,0.00,63737.26
2021,12,15,135,1,2116,0.00,0.00,0.00,58363.18
2021,7,15,135,1,2117,0.00,0.00,0.00,182397.86
2021,10,15,100,1,1353,0.00,0.00,0.00,200390.04
2021,11,15,100,1,1353,0.00,0.00,0.00,765088.87
2021,12,15,100,1,1353,0.00,0.00,0.00,126747.27
2021,4,15,100,1,1354,0.00,0.00,0.00,777773.32
2021,5,15,100,1,1354,0.00,0.00,0.00,851901.51
2021,3,15,100,1,1355,0.00,0.00,0.00,1133206.97
2021,12,15,100,1,2221,0.00,0.00,0.00,441922.46
2021,3,15,100,1,2222,0.00,0.00,0.00,30941.19
2021,5,15,100,1,2222,0.00,0.00,0.00,15025.91
2021,6,15,100,1,2222,0.00,0.00,0.00,49761.45
2021,8,15,100,1,2222,0.00,0.00,0.00,41813.73
2021,2,15,100,1,2223,0.00,0.00,0.00,370846.67
2021,12,15,100,1,2223,0.00,0.00,0.00,186540.13
2021,4,15,135,1,2144,0.00,0.00,0.00,10922.51
2021,8,15,135,1,2144,0.00,0.00,0.00,7162.58
2021,12,15,135,1,2144,0.00,0.00,0.00,110055.85
2021,2,15,135,1,2145,0.00,0.00,0.00,534938.87
2021,10,15,135,1,2145,0.00,0.00,0.00,534393.74
2021,5,15,135,1,2146,0.00,0.00,0.00,218917.29
2021,9,15,135,1,2146,0.00,0.00,0.00,234396.50
2021,10,15,100,1,1373,0.00,0.00,0.00,5587.17
2021,4,15,100,1,1374,0.00,0.00,0.00,77909.21
2021,5,15,100,1,1374,0.00,0.00,0.00,62956.73
2021,7,15,100,1,1374,0.00,0.00,0.00,74128.46
2021,9,15,100,1,1374,0.00,0.00,0.00,122745.73
2021,11,15,100,1,1374,0.00,0.00,0.00,76731.58
2021,12,15,100,1,1375,0.00,0.00,0.00,17212.24
2021,8,15,135,1,2117,0.00,0.00,0.00,170992.22
2021,11,15,121,1,2122,0.00,0.00,0.00,165.27
2021,10,15,121,1,2124,0.00,0.00,0.00,663.63
2021,1,15,121,1,2125,0.00,0.00,0.00,3.05
2021,7,15,121,1,2125,0.00,0.00,0.00,3.05
2021,9,15,121,1,2125,0.00,0.00,0.00,3.05
2021,10,15,121,1,2125,0.00,0.00,0.00,3.05
2021,6,15,100,1,1355,0.00,0.00,0.00,1048695.55
2021,3,15,100,1,1356,0.00,0.00,0.00,190877.64
2021,5,15,100,1,1356,0.00,0.00,0.00,196117.46
2021,9,15,100,1,1356,0.00,0.00,0.00,194584.46
2021,6,15,100,1,1362,0.00,0.00,0.00,164560.95
2021,7,15,100,1,1363,0.00,0.00,0.00,2219.35
2021,9,15,100,1,1363,0.00,0.00,0.00,8585.12
2021,2,15,100,1,2224,0.00,0.00,0.00,9885.82
2021,4,15,100,1,2224,0.00,0.00,0.00,15026.04
2021,6,15,100,1,2224,0.00,0.00,0.00,11664.10
2021,2,15,100,1,2225,0.00,0.00,0.00,287172.84
2021,7,15,100,1,2225,0.00,0.00,0.00,195192.01
2021,9,15,100,1,2226,0.00,0.00,0.00,192065.99
2021,11,15,100,1,2226,0.00,0.00,0.00,223209.43
2021,4,15,100,1,2227,0.00,0.00,0.00,25594.63
2021,10,15,135,1,2146,0.00,0.00,0.00,267983.94
2021,1,15,135,1,2147,0.00,0.00,0.00,3308.28
2021,12,15,135,1,2147,0.00,0.00,0.00,25897.19
2021,4,15,100,1,2221,0.00,0.00,0.00,437293.15
2021,6,15,100,1,2221,0.00,0.00,0.00,339677.86
2021,10,15,100,1,2221,0.00,0.00,0.00,1156112.65
2021,2,15,100,1,2222,0.00,0.00,0.00,132878.10
2021,7,15,100,1,2222,0.00,0.00,0.00,18386.77
