ano_movimentacao,mes_movimentacao,orgao_codigo,fonte_recurso_codigo,categoria_economica_codigo,grupo_despesa_codigo,credor_codigo,modalidade_licitacao_codigo,empenho_ano,empenho_modalidade_codigo,valor_empenhado,valor_liquidado,valor_pago
2021,5,9,100,3,1,0,0,2021,0,4788.95,4788.95,4788.95
2021,6,9,100,3,1,0,0,2021,0,4788.95,4788.95,4788.95
2021,7,9,100,3,1,0,0,2021,0,6706.09,6706.09,6706.09
2021,11,9,100,3,1,0,0,2021,0,9655.35,9655.35,9655.35
2021,3,9,100,3,1,0,0,2021,0,604.50,604.50,604.50
2021,6,9,100,3,1,0,0,2021,0,604.50,604.50,604.50
2021,9,9,100,3,1,0,0,2021,0,604.50,604.50,604.50
2021,12,9,100,3,1,0,0,2021,0,604.50,604.50,604.50
2021,1,9,100,3,1,0,0,2021,0,4788.96,4788.96,4788.96
2021,4,9,100,3,1,0,0,2021,0,7838.83,7838.83,7838.83
2021,1,9,100,3,1,0,0,2021,0,93607.17,93607.17,93607.17
2021,8,9,100,3,1,0,0,2021,0,263217.43,263217.43,263217.43
2021,10,9,100,3,1,0,0,2021,0,256506.06,256506.06,256506.06
2021,11,9,100,3,1,0,0,2021,0,256506.06,256506.06,256506.06
2021,1,9,100,3,1,0,0,2021,0,1339.55,1339.55,1339.55
2021,5,9,100,3,1,0,0,2021,0,1339.55,1339.55,1339.55
2021,7,9,100,3,1,0,0,2021,0,2394.48,2394.48,2394.48
2021,8,9,100,3,1,0,0,2021,0,3937.98,3937.98,3937.98
2021,12,9,100,3,1,0,0,2021,0,5057.98,5057.98,5057.98
2021,8,9,100,3,1,0,0,2021,0,1784.09,1784.09,1784.09
2021,4,10,100,3,1,0,0,2021,0,85068.52,85068.52,85068.52
2021,7,10,100,3,1,0,0,2021,0,83831.19,83831.19,83831.19
2021,8,10,100,3,1,0,0,2021,0,83575.21,83575.21,83575.21
2021,2,10,100,3,1,0,0,2021,0,1577.45,1577.45,1577.45
2021,10,10,100,3,1,0,0,2021,0,1577.45,1577.45,1577.45
2021,11,10,100,3,1,0,0,2021,0,1577.45,1577.45,1577.45
2021,2,10,100,3,1,0,0,2021,0,17052.74,17052.74,17052.74
2021,4,10,100,3,1,0,0,2021,0,19236.76,19236.76,19236.76
2021,6,10,100,3,1,0,0,2021,0,18642.75,18642.75,18642.75
2021,9,10,100,3,1,0,0,2021,0,19131.17,19131.17,19131.17
2021,10,10,100,3,1,0,0,2021,0,19131.17,19131.17,19131.17
2021,11,10,100,3,1,0,0,2021,0,19131.17,19131.17,19131.17
2021,5,10,100,3,1,0,0,2021,0,103069.05,103069.05,103069.05
2021,7,10,100,3,1,0,0,2021,0,106472.73,106472.73,106472.73
2021,4,10,100,3,1,0,0,2021,0,11774.56,11774.56,11774.56
2021,12,10,100,3,1,0,0,2021,0,11817.79,11817.79,11817.79
2021,3,10,100,3,1,0,0,2021,0,619.77,619.77,619.77
2021,10,10,100,3,1,0,0,2021,0,429.43,429.43,429.43
2021,4,10,100,3,1,0,0,2021,0,8808.24,8808.24,8808.24
2021,5,10,100,3,1,0,0,2021,0,8319.53,8319.53,8319.53
2021,8,10,100,3,1,0,0,2021,0,5848.21,5848.21,5848.21
2021,4,10,100,3,1,0,0,2021,0,25000.00,25000.00,25000.00
2021,9,10,100,3,1,0,0,2021,0,25000.00,25000.00,25000.00
2021,6,10,100,3,1,0,0,2021,0,1930.00,1930.00,1930.00
2021,9,10,100,3,1,0,0,2021,0,3860.00,3860.00,3860.00
2021,10,10,100,3,1,0,0,2021,0,965.00,965.00,965.00
2021,12,10,100,3,1,0,0,2021,0,3860.00,3860.00,3860.00
2021,4,10,100,3,1,0,0,2021,0,3403.68,3403.68,3403.68
2021,6,10,100,3,1,0,0,2021,0,2375.37,2375.37,2375.37
2021,3,10,100,3,1,0,0,2021,0,32760.00,32760.00,32760.00
2021,6,10,100,3,1,0,0,2021,0,35002.50,35002.50,35002.50
2021,7,10,100,3,1,0,0,2021,0,35802.00,35802.00,35802.00
2021,12,10,100,3,1,0,0,2021,0,43021.75,43021.75,43021.75
2021,4,10,100,3,1,0,0,2021,0,300.00,300.00,300.00
2021,8,10,100,3,1,0,0,2021,0,800.00,800.00,800.00
2021,7,10,100,3,1,0,0,2021,0,5512.92,5512.92,5512.92
2021,9,10,100,3,1,0,0,2021,0,6394.42,6394.42,6394.42
2021,11,10,100,3,1,0,0,2021,0,10992.51,10992.51,10992.51
2021,2,10,100,3,1,0,0,2021,0,8769.14,8769.14,8769.14
2021,7,11,100,3,1,0,0,2021,0,14842.31,14842.31,14842.31
2021,6,11,100,3,1,0,0,2021,0,1501.42,1501.42,1501.42
2021,8,11,100,3,1,0,0,2021,0,734.00,734.00,734.00
2021,3,11,100,3,1,0,0,2021,0,122094.37,122094.37,122094.37
2021,5,11,100,3,1,0,0,2021,0,131174.72,131174.72,131174.72
2021,6,11,100,3,1,0,0,2021,0,275.76,275.76,275.76
2021,9,11,100,3,1,0,0,2021,0,275.76,275.76,275.76
2021,10,11,100,3,1,0,0,2021,0,502.23,502.23,502.23
2021,5,11,100,3,1,0,0,2021,0,786.35,786.35,786.35
2021,8,11,100,3,1,0,0,2021,0,18018.00,18018.00,18018.00
2021,3,11,100,3,1,0,0,2021,0,1500.00,1500.00,1500.00
2021,9,11,100,3,1,0,0,2021,0,5600.00,5600.00,5600.00
2021,2,12,100,3,1,0,0,2021,0,25111.56,25111.56,25111.56
2021,3,12,100,3,1,0,0,2021,0,26385.54,26385.54,26385.54
2021,12,12,100,3,1,0,0,2021,0,7717.98,7717.98,7717.98
2021,5,12,100,3,1,0,0,2021,0,27024.17,27024.17,27024.17
2021,8,12,100,3,1,0,0,2021,0,34229.84,34229.84,34229.84
2021,11,12,100,3,1,0,0,2021,0,102980.56,102980.56,102980.56
2021,2,12,100,3,1,0,0,2021,0,1213.32,1213.32,1213.32
2021,11,12,100,3,1,0,0,2021,0,206373.53,206373.53,206373.53
2021,8,12,100,3,1,0,0,2021,0,9212.89,9212.89,9212.89
2021,11,12,100,3,1,0,0,2021,0,22000.00,22000.00,22000.00
2021,6,12,100,3,1,0,0,2021,0,283.60,283.60,283.60
2021,8,12,100,3,1,0,0,2021,0,302.50,302.50,302.50
2021,6,12,100,3,1,0,0,2021,0,4183.02,4183.02,4183.02
2021,11,12,100,3,1,0,0,2021,0,6933.91,6933.91,6933.91
2021,6,12,100,3,1,0,0,2021,0,12207.00,12207.00,12207.00
2021,8,12,100,3,1,0,0,2021,0,800.00,800.00,800.00
2021,10,12,100,3,1,0,0,2021,0,300.00,300.00,300.00
2021,2,12,100,3,1,0,0,2021,0,8611.87,8611.87,8611.87
2021,10,12,100,3,1,0,0,2021,0,8746.87,8746.87,8746.87
2021,7,13,100,3,1,0,0,2021,0,758387.08,758387.08,758387.08
2021,9,13,100,3,1,0,0,2021,0,758162.02,758162.02,758162.02
2021,7,13,100,3,1,0,0,2021,0,2797.35,2797.35,2797.35
2021,10,13,100,3,1,0,0,2021,0,2404.43,2404.43,2404.43
2021,5,13,100,3,1,0,0,2021,0,3225.51,3225.51,3225.51
2021,11,13,100,3,1,0,0,2021,0,509087.57,509087.57,509087.57
2021,4,13,100,3,1,0,0,2021,0,348838.25,348838.25,348838.25
2021,6,13,100,3,1,0,0,2021,0,350425.21,350425.21,350425.21
2021,10,13,100,3,1,0,0,2021,0,286954.09,286954.09,286954.09
2021,12,13,100,3,1,0,0,2021,0,281285.24,281285.24,281285.24
2021,5,13,100,3,1,0,0,2021,0,16620.74,16620.74,16620.74
2021,7,13,100,3,1,0,0,2021,0,101568.44,101568.44,101568.44
2021,9,13,100,3,1,0,0,2021,0,62028.20,62028.20,62028.20
2021,4,13,100,3,1,0,0,2021,0,3133.55,3133.55,3133.55
2021,8,13,100,3,1,0,0,2021,0,21840.00,21840.00,21840.00
2021,12,13,100,3,1,0,0,2021,0,18000.00,18000.00,18000.00
2021,3,13,100,3,1,0,0,2021,0,1004037.47,1004037.47,1004037.47
2021,10,13,100,3,1,0,0,2021,0,972802.89,972802.89,972802.89
2021,5,13,100,3,1,0,0,2021,0,2958.00,2958.00,2958.00
2021,3,13,100,3,1,0,0,2021,0,6855.64,6855.64,6855.64
2021,8,13,100,3,1,0,0,2021,0,6855.64,6855.64,6855.64
2021,3,13,100,3,1,0,0,2021,0,40043.01,40043.01,40043.01
2021,7,13,100,3,1,0,0,2021,0,50622.00,50622.00,50622.00
2021,11,13,100,3,1,0,0,2021,0,6050.00,6050.00,6050.00
2021,3,13,100,3,1,0,0,2021,0,103537.74,103537.74,103537.74
2021,4,13,100,3,1,0,0,2021,0,100447.08,100447.08,100447.08
2021,2,13,100,3,1,0,0,2021,0,52496.04,52496.04,52496.04
2021,5,13,100,3,1,0,0,2021,0,48248.69,48248.69,48248.69
2021,6,13,100,3,1,0,0,2021,0,48248.69,48248.69,48248.69
2021,7,13,100,3,1,0,0,2021,0,48248.69,48248.69,48248.69
2021,4,14,112,3,1,0,0,2021,0,380152.71,380152.71,380152.71
2021,6,14,112,3,1,0,0,2021,0,-1861.14,-1861.14,-1861.14
2021,3,14,112,3,1,0,0,2021,0,0.00,0.00,0.00
2021,5,14,112,3,1,0,0,2021,0,1918000.56,1918000.56,1918000.56
2021,7,14,112,3,1,0,0,2021,0,14347.94,14347.94,14347.94
2021,4,14,112,3,1,0,0,2021,0,3118.58,3118.58,3118.58
2021,7,14,112,3,1,0,0,2021,0,-2043.35,-2043.35,-2043.35
2021,1,14,112,3,1,0,0,2021,0,847.09,847.09,847.09
2021,10,14,112,3,1,0,0,2021,0,871.41,871.41,871.41
2021,7,14,112,3,1,0,0,2021,0,0.00,0.00,0.00
2021,8,14,112,3,1,0,0,2021,0,18255.74,18255.74,18255.74
2021,9,14,112,3,1,0,0,2021,0,72549.68,72549.68,72549.68
2021,10,14,112,3,1,0,0,2021,0,69614.69,69614.69,69614.69
2021,12,14,112,3,1,0,0,2021,0,69231.38,69231.38,69231.38
2021,3,14,112,3,1,0,0,2021,0,500366.15,500366.15,500366.15
2021,4,14,112,3,1,0,0,2021,0,496549.47,496549.47,496549.47
2021,6,14,112,3,1,0,0,2021,0,-152174.28,-152174.28,-152174.28
2021,6,14,112,3,1,0,0,2021,0,4110.25,4110.25,4110.25
2021,8,14,112,3,1,0,0,2021,0,112444.24,112444.24,112444.24
2021,1,14,112,3,1,0,0,2021,0,106.45,106.45,106.45
2021,6,14,112,3,1,0,0,2021,0,9612.47,9612.47,9612.47
2021,8,14,112,3,1,0,0,2021,0,16820.50,16820.50,16820.50
2021,6,14,112,3,1,0,0,2021,0,-29392.78,-29392.78,-29392.78
2021,6,14,112,3,1,0,0,2021,0,25195.87,25195.87,25195.87
2021,2,14,112,3,1,0,0,2021,0,2096.59,2096.59,2096.59
2021,7,14,112,3,1,0,0,2021,0,0.00,0.00,0.00
2021,9,14,112,3,1,0,0,2021,0,8946.30,8946.30,8946.30
2021,7,14,112,3,1,0,0,2021,0,13496.85,13496.85,13496.85
2021,10,14,112,3,1,0,0,2021,0,278494.33,278494.33,278494.33
2021,6,14,112,3,1,0,0,2021,0,0.00,0.00,0.00
2021,2,14,112,3,1,0,0,2021,0,0.00,0.00,0.00
2021,3,14,112,3,1,0,0,2021,0,95571.96,95571.96,95571.96
2021,3,14,112,3,1,0,0,2021,0,2538.91,2538.91,2538.91
2021,4,14,112,3,1,0,0,2021,0,2538.91,2538.91,2538.91
2021,10,14,112,3,1,0,0,2021,0,22871.42,22871.42,22871.42
2021,11,14,112,3,1,0,0,2021,0,23898.21,23898.21,23898.21
2021,1,14,112,3,1,0,0,2021,0,234711.43,234711.43,234711.43
2021,2,14,112,3,1,0,0,2021,0,314545.82,314545.82,314545.82
2021,4,14,112,3,1,0,0,2021,0,308544.37,308544.37,308544.37
2021,6,14,112,3,1,0,0,2021,0,-15791.60,-15791.60,-15791.60
2021,9,14,112,3,1,0,0,2021,0,495951.73,495951.73,495951.73
2021,10,14,112,3,1,0,0,2021,0,84635.95,84635.95,84635.95
2021,4,14,112,3,1,0,0,2021,0,861.08,861.08,861.08
2021,5,14,112,3,1,0,0,2021,0,45914.47,45914.47,45914.47
2021,8,14,112,3,1,0,0,2021,0,27851.95,27851.95,27851.95
2021,9,14,112,3,1,0,0,2021,0,31254.90,31254.90,31254.90
2021,11,14,112,3,1,0,0,2021,0,5674.20,5674.20,5674.20
2021,12,14,112,3,1,0,0,2021,0,83125.46,83125.46,83125.46
2021,8,14,112,3,1,0,0,2021,0,0.00,0.00,0.00
2021,11,14,112,3,1,0,0,2021,0,9207.00,9207.00,9207.00
2021,5,14,112,3,1,0,0,2021,0,157250.73,157250.73,157250.73
2021,6,14,112,3,1,0,0,2021,0,58509.11,58509.11,58509.11
2021,8,14,112,3,1,0,0,2021,0,93178.64,93178.64,93178.64
2021,3,14,112,3,1,0,0,2021,0,3227.81,3227.81,3227.81
2021,9,14,112,3,1,0,0,2021,0,3227.81,3227.81,3227.81
2021,1,14,112,3,1,0,0,2021,0,4952.20,4952.20,4952.20
2021,1,14,112,3,1,0,0,2021,0,10385.45,10385.45,10385.45
2021,3,14,112,3,1,0,0,2021,0,80.00,80.00,80.00
2021,6,14,112,3,1,0,0,2021,0,-6398.56,-6398.56,-6398.56
2021,6,14,112,3,1,0,0,2021,0,-3513.02,-3513.02,-3513.02
2021,8,14,112,3,1,0,0,2021,0,6557.90,6557.90,6557.90
2021,9,14,112,3,1,0,0,2021,0,1600.36,1600.36,1600.36
2021,10,14,112,3,1,0,0,2021,0,2546.28,2546.28,2546.28
2021,1,14,112,3,1,0,0,2021,0,1750.00,1750.00,1750.00
2021,10,14,112,3,1,0,0,2021,0,19876.00,19876.00,19876.00
2021,12,14,112,3,1,0,0,2021,0,1750.00,1750.00,1750.00
2021,6,14,112,3,1,0,0,2021,0,5895.50,5895.50,5895.50
2021,8,14,112,3,1,0,0,2021,0,0.00,0.00,0.00
2021,9,14,112,3,1,0,0,2021,0,18243.65,18243.65,18243.65
2021,4,14,112,3,1,0,0,2021,0,1990.45,1990.45,1990.45
2021,8,14,112,3,1,0,0,2021,0,3524.68,3524.68,3524.68
2021,11,14,112,3,1,0,0,2021,0,4289.70,4289.70,4289.70
2021,7,14,112,3,1,0,0,2021,0,12255.75,12255.75,12255.75
2021,9,14,112,3,1,0,0,2021,0,14230.13,14230.13,14230.13
2021,6,14,112,3,1,0,0,2021,0,12864.62,12864.62,12864.62
2021,7,14,112,3,1,0,0,2021,0,2989.72,2989.72,2989.72
2021,8,14,112,3,1,0,0,2021,0,409.80,409.80,409.80
2021,9,14,112,3,1,0,0,2021,0,9066.83,9066.83,9066.83
2021,3,14,112,3,1,0,0,2021,0,1443.36,1443.36,1443.36
2021,9,14,112,3,1,0,0,2021,0,1443.36,1443.36,1443.36
2021,11,14,112,3,1,0,0,2021,0,1443.36,1443.36,1443.36
2021,5,14,112,3,1,0,0,2021,0,300.00,300.00,300.00
2021,6,14,112,3,1,0,0,2021,0,300.00,300.00,300.00
2021,12,14,112,3,1,0,0,2021,0,300.00,300.00,300.00
2021,2,14,112,3,1,0,0,2021,0,431.78,431.78,431.78
2021,3,14,112,3,1,0,0,2021,0,431.78,431.78,431.78
2021,7,14,112,3,1,0,0,2021,0,431.78,431.78,431.78
2021,10,14,112,3,1,0,0,2021,0,431.78,431.78,431.78
2021,4,14,112,3,1,0,0,2021,0,725.05,725.05,725.05
2021,6,14,112,3,1,0,0,2021,0,409.50,409.50,409.50
2021,8,14,112,3,1,0,0,2021,0,409.50,409.50,409.50
2021,10,14,112,3,1,0,0,2021,0,390.00,390.00,390.00
2021,4,14,100,3,1,0,0,2021,0,431.78,431.78,431.78
2021,1,14,112,3,1,0,0,2021,0,3423296.42,3423296.42,3423296.42
2021,4,14,112,3,1,0,0,2021,0,0.00,0.00,0.00
2021,5,14,112,3,1,0,0,2021,0,-40818.69,-40818.69,-40818.69
2021,11,14,112,3,1,0,0,2021,0,712640.52,712640.52,712640.52
2021,7,14,112,3,1,0,0,2021,0,1536.74,1536.74,1536.74
2021,8,14,112,3,1,0,0,2021,0,1950.61,1950.61,1950.61
2021,6,14,112,3,1,0,0,2021,0,904.41,904.41,904.41
2021,10,14,112,3,1,0,0,2021,0,2451.06,2451.06,2451.06
2021,12,14,112,3,1,0,0,2021,0,2490.25,2490.25,2490.25
2021,7,14,112,3,1,0,0,2021,0,1275.24,1275.24,1275.24
2021,9,14,112,3,1,0,0,2021,0,19357.38,19357.38,19357.38
2021,10,14,112,3,1,0,0,2021,0,18233.07,18233.07,18233.07
2021,7,14,112,3,1,0,0,2021,0,36597.49,36597.49,36597.49
2021,8,14,112,3,1,0,0,2021,0,65143.52,65143.52,65143.52
2021,11,14,112,3,1,0,0,2021,0,61990.88,61990.88,61990.88
2021,5,14,112,3,1,0,0,2021,0,17578.45,17578.45,17578.45
2021,8,14,112,3,1,0,0,2021,0,72259.23,72259.23,72259.23
2021,9,14,112,3,1,0,0,2021,0,8074.70,8074.70,8074.70
2021,10,14,112,3,1,0,0,2021,0,12156.87,12156.87,12156.87
2021,11,14,112,3,1,0,0,2021,0,8469302.50,8469302.50,8469302.50
2021,1,14,112,3,1,0,0,2021,0,5872304.24,5872304.24,5872304.24
2021,2,14,112,3,1,0,0,2021,0,181843.18,181843.18,181843.18
2021,7,14,112,3,1,0,0,2021,0,-21715.07,-21715.07,-21715.07
2021,10,14,112,3,1,0,0,2021,0,108803.25,108803.25,108803.25
2021,12,14,112,3,1,0,0,2021,0,63816.31,63816.31,63816.31
2021,6,14,112,3,1,0,0,2021,0,35250.00,35250.00,35250.00
2021,7,14,112,3,1,0,0,2021,0,34750.00,34750.00,34750.00
2021,9,14,112,3,1,0,0,2021,0,91114.28,91114.28,91114.28
2021,4,14,112,3,1,0,0,2021,0,1051360.83,1051360.83,1051360.83
2021,9,14,112,3,1,0,0,2021,0,50549.27,50549.27,50549.27
2021,8,14,112,3,1,0,0,2021,0,34148.26,34148.26,34148.26
2021,12,14,112,3,1,0,0,2021,0,33151.90,33151.90,33151.90
2021,6,14,112,3,1,0,0,2021,0,18380.92,18380.92,18380.92
2021,10,14,112,3,1,0,0,2021,0,24160.54,24160.54,24160.54
2021,4,14,112,3,1,0,0,2021,0,1194922.69,1194922.69,1194922.69
2021,7,14,112,3,1,0,0,2021,0,1179350.87,1179350.87,1179350.87
2021,9,14,112,3,1,0,0,2021,0,1021941.02,1021941.02,1021941.02
2021,11,14,112,3,1,0,0,2021,0,1214596.58,1214596.58,1214596.58
2021,12,14,112,3,1,0,0,2021,0,379953.68,379953.68,379953.68
2021,5,14,112,3,1,0,0,2021,0,153401.67,153401.67,153401.67
2021,8,14,112,3,1,0,0,2021,0,174184.37,174184.37,174184.37
2021,3,14,112,3,1,0,0,2021,0,558441.96,558441.96,558441.96
2021,10,14,112,3,1,0,0,2021,0,164278.58,164278.58,164278.58
2021,8,14,113,3,1,0,0,2021,0,3367317.35,3367317.35,3367317.35
2021,11,14,113,3,1,0,0,2021,0,15805758.33,15805758.33,15805758.33
2021,3,14,113,3,1,0,0,2021,0,6236.60,6236.60,6236.60
2021,5,14,113,3,1,0,0,2021,0,4697.10,4697.10,4697.10
2021,6,14,113,3,1,0,0,2021,0,4594.15,4594.15,4594.15
2021,2,14,113,3,1,0,0,2021,0,3343.30,3343.30,3343.30
2021,3,14,113,3,1,0,0,2021,0,3369.33,3369.33,3369.33
2021,6,14,113,3,1,0,0,2021,0,163.76,163.76,163.76
2021,9,14,113,3,1,0,0,2021,0,163.76,163.76,163.76
2021,3,14,113,3,1,0,0,2021,0,-68.75,-68.75,-68.75
2021,2,14,113,3,1,0,0,2021,0,266677.78,266677.78,266677.78
2021,5,14,113,3,1,0,0,2021,0,-18.94,-18.94,-18.94
2021,5,14,113,3,1,0,0,2021,0,281345.50,281345.50,281345.50
2021,6,14,113,3,1,0,0,2021,0,278923.92,278923.92,278923.92
2021,7,14,113,3,1,0,0,2021,0,276027.25,276027.25,276027.25
2021,8,14,113,3,1,0,0,2021,0,270139.00,270139.00,270139.00
2021,4,14,113,3,1,0,0,2021,0,586795.00,586795.00,586795.00
2021,6,14,113,3,1,0,0,2021,0,578711.37,578711.37,578711.37
2021,11,14,113,3,1,0,0,2021,0,534961.04,534961.04,534961.04
2021,3,14,113,3,1,0,0,2021,0,468231.65,468231.65,468231.65
2021,5,14,113,3,1,0,0,2021,0,-169.69,-169.69,-169.69
2021,3,14,113,3,1,0,0,2021,0,13263.54,13263.54,13263.54
2021,6,14,113,3,1,0,0,2021,0,14762.26,14762.26,14762.26
2021,3,14,113,3,1,0,0,2021,0,0.00,0.00,0.00
2021,7,14,113,3,1,0,0,2021,0,-200660.55,-200660.55,-200660.55
2021,7,14,113,3,1,0,0,2021,0,17312.55,17312.55,17312.55
2021,3,14,113,3,1,0,0,2021,0,13424.17,13424.17,13424.17
2021,4,14,113,3,1,0,0,2021,0,2729.74,2729.74,2729.74
2021,1,14,113,3,1,0,0,2021,0,38285.56,38285.56,38285.56
2021,5,14,113,3,1,0,0,2021,0,3092.56,3092.56,3092.56
2021,6,14,113,3,1,0,0,2021,0,3092.56,3092.56,3092.56
2021,7,14,113,3,1,0,0,2021,0,3345.10,3345.10,3345.10
2021,8,14,113,3,1,0,0,2021,0,3160.28,3160.28,3160.28
2021,2,14,113,3,1,0,0,2021,0,5582.14,5582.14,5582.14
2021,7,14,113,3,1,0,0,2021,0,1071855.76,1071855.76,1071855.76
2021,2,14,113,3,1,0,0,2021,0,-6426.85,-6426.85,-6426.85
2021,4,14,113,3,1,0,0,2021,0,1325407.41,1325407.41,1325407.41
2021,2,14,113,3,1,0,0,2021,0,34148.26,34148.26,34148.26
2021,5,14,113,3,1,0,0,2021,0,0.00,0.00,0.00
2021,6,14,113,3,1,0,0,2021,0,0.00,0.00,0.00
2021,7,14,113,3,1,0,0,2021,0,0.00,0.00,0.00
2021,2,14,113,3,1,0,0,2021,0,16893.52,16893.52,16893.52
2021,6,14,113,3,1,0,0,2021,0,0.00,0.00,0.00
2021,9,14,113,3,1,0,0,2021,0,0.00,0.00,0.00
2021,10,14,113,3,1,0,0,2021,0,0.00,0.00,0.00
2021,1,14,113,3,1,0,0,2021,0,159402.56,159402.56,159402.56
2021,11,14,113,3,1,0,0,2021,0,0.00,0.00,0.00
2021,1,14,112,3,1,0,0,2021,0,1809507.21,1809507.21,1809507.21
2021,3,14,112,3,1,0,0,2021,0,1442393.66,1442393.66,1442393.66
2021,4,14,112,3,1,0,0,2021,0,-107.81,-107.81,-107.81
2021,10,14,112,3,1,0,0,2021,0,-3854.72,-3854.72,-3854.72
2021,7,14,112,3,1,0,0,2021,0,53826.12,53826.12,53826.12
2021,10,14,112,3,1,0,0,2021,0,-2931.90,-2931.90,-2931.90
2021,3,14,112,3,1,0,0,2021,0,1947.33,1947.33,1947.33
2021,8,14,112,3,1,0,0,2021,0,1414.45,1414.45,1414.45
2021,1,14,112,3,1,0,0,2021,0,2991.52,2991.52,2991.52
2021,5,14,112,3,1,0,0,2021,0,3134.12,3134.12,3134.12
2021,6,14,112,3,1,0,0,2021,0,0.00,0.00,0.00
2021,9,14,112,3,1,0,0,2021,0,70619.37,70619.37,70619.37
2021,10,14,112,3,1,0,0,2021,0,69669.37,69669.37,69669.37
2021,4,14,112,3,1,0,0,2021,0,0.00,0.00,0.00
2021,3,14,112,3,1,0,0,2021,0,5777.23,5777.23,5777.23
2021,5,14,112,3,1,0,0,2021,0,9192.67,9192.67,9192.67
2021,8,14,112,3,1,0,0,2021,0,21681.66,21681.66,21681.66
2021,2,14,112,3,1,0,0,2021,0,7988.24,7988.24,7988.24
2021,5,14,112,3,1,0,0,2021,0,13098.67,13098.67,13098.67
2021,2,14,112,3,1,0,0,2021,0,1830.24,1830.24,1830.24
2021,3,14,112,3,1,0,0,2021,0,2889.85,2889.85,2889.85
2021,6,14,112,3,1,0,0,2021,0,24697.00,24697.00,24697.00
2021,2,14,112,3,1,0,0,2021,0,513.27,513.27,513.27
2021,5,14,112,3,1,0,0,2021,0,0.00,0.00,0.00
2021,8,14,112,3,1,0,0,2021,0,0.00,0.00,0.00
2021,1,14,112,3,1,0,0,2021,0,16306.80,16306.80,16306.80
2021,6,14,112,3,1,0,0,2021,0,16310.05,16310.05,16310.05
2021,10,14,112,3,1,0,0,2021,0,16310.05,16310.05,16310.05
2021,9,14,112,3,1,0,0,2021,0,30053.66,30053.66,30053.66
2021,11,14,112,3,1,0,0,2021,0,75147.52,75147.52,75147.52
2021,11,14,112,3,1,0,0,2021,0,192975.72,192975.72,192975.72
2021,8,14,112,3,1,0,0,2021,0,0.00,0.00,0.00
2021,5,14,112,3,1,0,0,2021,0,29757.04,29757.04,29757.04
2021,10,14,112,3,1,0,0,2021,0,-300.00,-300.00,-300.00
2021,10,14,112,3,1,0,0,2021,0,63534.08,63534.08,63534.08
2021,11,14,112,3,1,0,0,2021,0,75956.96,75956.96,75956.96
2021,4,14,112,3,1,0,0,2021,0,420.45,420.45,420.45
2021,5,14,112,3,1,0,0,2021,0,13725.37,13725.37,13725.37
2021,11,14,113,3,1,0,0,2021,0,369591.25,369591.25,369591.25
2021,3,14,113,3,1,0,0,2021,0,1442393.65,1442393.65,1442393.65
2021,4,14,113,3,1,0,0,2021,0,3171.29,3171.29,3171.29
2021,8,14,113,3,1,0,0,2021,0,51587.89,51587.89,51587.89
2021,7,14,113,3,1,0,0,2021,0,8522.87,8522.87,8522.87
2021,6,14,113,3,1,0,0,2021,0,11556.23,11556.23,11556.23
2021,6,14,113,3,1,0,0,2021,0,2044.57,2044.57,2044.57
2021,7,14,113,3,1,0,0,2021,0,8353.05,8353.05,8353.05
2021,7,14,113,3,1,0,0,2021,0,135298.81,135298.81,135298.81
2021,7,14,113,3,1,0,0,2021,0,119530.15,119530.15,119530.15
2021,10,14,113,3,1,0,0,2021,0,143079.45,143079.45,143079.45
2021,7,14,113,3,1,0,0,2021,0,467.39,467.39,467.39
2021,5,14,100,3,1,0,0,2021,0,590646.09,590646.09,590646.09
2021,11,14,100,3,1,0,0,2021,0,559758.57,559758.57,559758.57
2021,12,14,100,3,1,0,0,2021,0,564103.18,564103.18,564103.18
2021,4,14,100,3,1,0,0,2021,0,1461.09,1461.09,1461.09
2021,8,14,100,3,1,0,0,2021,0,1461.09,1461.09,1461.09
2021,9,14,100,3,1,0,0,2021,0,1158.84,1158.84,1158.84
2021,5,14,100,3,1,0,0,2021,0,1357.10,1357.10,1357.10
2021,7,14,100,3,1,0,0,2021,0,1357.10,1357.10,1357.10
2021,9,14,100,3,1,0,0,2021,0,1357.10,1357.10,1357.10
2021,10,14,100,3,1,0,0,2021,0,1357.10,1357.10,1357.10
2021,2,14,100,3,1,0,0,2021,0,3850.00,3850.00,3850.00
2021,6,14,100,3,1,0,0,2021,0,1450.00,1450.00,1450.00
2021,7,14,100,3,1,0,0,2021,0,52707.47,52707.47,52707.47
2021,9,14,100,3,1,0,0,2021,0,52932.85,52932.85,52932.85
2021,6,14,100,3,1,0,0,2021,0,-130491.16,-130491.16,-130491.16
2021,6,14,100,3,1,0,0,2021,0,-26396.02,-26396.02,-26396.02
2021,10,14,100,3,1,0,0,2021,0,5478.34,5478.34,5478.34
2021,11,14,100,3,1,0,0,2021,0,951.69,951.69,951.69
2021,9,14,100,3,1,0,0,2021,0,1250.00,1250.00,1250.00
2021,10,14,100,3,1,0,0,2021,0,10790.00,10790.00,10790.00
2021,1,14,100,3,1,0,0,2021,0,1655.14,1655.14,1655.14
2021,3,14,100,3,1,0,0,2021,0,824.22,824.22,824.22
2021,5,14,100,3,1,0,0,2021,0,1260.48,1260.48,1260.48
2021,8,14,100,3,1,0,0,2021,0,1310.88,1310.88,1310.88
2021,1,14,100,3,1,0,0,2021,0,22261.73,22261.73,22261.73
2021,5,14,100,3,1,0,0,2021,0,22637.98,22637.98,22637.98
2021,8,14,100,3,1,0,0,2021,0,22149.28,22149.28,22149.28
2021,9,14,100,3,1,0,0,2021,0,27395.53,27395.53,27395.53
2021,10,14,100,3,1,0,0,2021,0,25135.53,25135.53,25135.53
2021,11,14,100,3,1,0,0,2021,0,27796.78,27796.78,27796.78
2021,4,14,100,3,1,0,0,2021,0,2330.48,2330.48,2330.48
2021,11,14,100,3,1,0,0,2021,0,2330.48,2330.48,2330.48
2021,2,14,100,3,1,0,0,2021,0,1096.58,1096.58,1096.58
2021,1,14,100,3,1,0,0,2021,0,10231.36,10231.36,10231.36
2021,4,14,100,3,1,0,0,2021,0,15996.42,15996.42,15996.42
2021,12,14,100,3,1,0,0,2021,0,26025.45,26025.45,26025.45
2021,3,14,100,3,1,0,0,2021,0,21247.77,21247.77,21247.77
2021,4,14,100,3,1,0,0,2021,0,6482.24,6482.24,6482.24
2021,7,15,100,3,1,0,0,2021,0,1807400.05,1807400.05,1807400.05
2021,12,15,100,3,1,0,0,2021,0,1711042.19,1711042.19,1711042.19
2021,1,15,100,3,1,0,0,2021,0,24484.99,24484.99,24484.99
2021,8,15,100,3,1,0,0,2021,0,22392.72,22392.72,22392.72
2021,11,15,100,3,1,0,0,2021,0,23377.24,23377.24,23377.24
2021,3,15,100,3,1,0,0,2021,0,1458269.97,1458269.97,1458269.97
2021,4,15,100,3,1,0,0,2021,0,1447038.88,1447038.88,1447038.88
2021,5,15,100,3,1,0,0,2021,0,1471256.27,1471256.27,1471256.27
2021,8,15,100,3,1,0,0,2021,0,1442759.38,1442759.38,1442759.38
2021,5,15,100,3,1,0,0,2021,0,242915.31,242915.31,242915.31
2021,10,15,100,3,1,0,0,2021,0,225060.57,225060.57,225060.57
2021,10,15,100,3,1,0,0,2021,0,68145.44,68145.44,68145.44
2021,2,15,100,3,1,0,0,2021,0,88.33,88.33,88.33
2021,12,15,100,3,1,0,0,2021,0,851.92,851.92,851.92
2021,5,15,100,3,1,0,0,2021,0,104553.08,104553.08,104553.08
2021,6,15,100,3,1,0,0,2021,0,198358.97,198358.97,198358.97
2021,10,15,100,3,1,0,0,2021,0,74386.42,74386.42,74386.42
2021,1,15,100,3,1,0,0,2021,0,51068.70,51068.70,51068.70
2021,5,15,100,3,1,0,0,2021,0,53240.56,53240.56,53240.56
2021,7,15,100,3,1,0,0,2021,0,52646.31,52646.31,52646.31
2021,12,15,100,3,1,0,0,2021,0,5078.37,5078.37,5078.37
2021,7,15,100,3,1,0,0,2021,0,1627.18,1627.18,1627.18
2021,8,15,100,3,1,0,0,2021,0,1627.18,1627.18,1627.18
2021,1,15,100,3,1,0,0,2021,0,46675.50,46675.50,46675.50
2021,2,15,100,3,1,0,0,2021,0,74346.50,74346.50,74346.50
2021,5,15,100,3,1,0,0,2021,0,59890.50,59890.50,59890.50
2021,1,15,100,3,1,0,0,2021,0,350.00,350.00,350.00
2021,4,15,100,3,1,0,0,2021,0,350.00,350.00,350.00
2021,11,15,100,3,1,0,0,2021,0,350.00,350.00,350.00
2021,10,15,100,3,1,0,0,2021,0,1080487.04,1080487.04,1080487.04
2021,11,15,100,3,1,0,0,2021,0,1227318.45,1227318.45,1227318.45
2021,3,15,100,3,1,0,0,2021,0,1331.19,1331.19,1331.19
2021,4,15,100,3,1,0,0,2021,0,29.88,29.88,29.88
2021,10,16,100,3,1,0,0,2021,0,225.06,225.06,225.06
2021,11,16,100,3,1,0,0,2021,0,225.06,225.06,225.06
2021,8,16,100,3,1,0,0,2021,0,459.30,459.30,459.30
2021,11,16,100,3,1,0,0,2021,0,459.30,459.30,459.30
2021,2,16,100,3,1,0,0,2021,0,17000.00,17000.00,17000.00
2021,4,16,100,3,1,0,0,2021,0,40682.45,40682.45,40682.45
2021,5,16,100,3,1,0,0,2021,0,49682.45,49682.45,49682.45
2021,6,16,100,3,1,0,0,2021,0,40682.45,40682.45,40682.45
2021,7,16,100,3,1,0,0,2021,0,40682.45,40682.45,40682.45
2021,8,16,100,3,1,0,0,2021,0,115564.98,115564.98,115564.98
2021,12,16,100,3,1,0,0,2021,0,115594.14,115594.14,115594.14
2021,12,16,100,3,1,0,0,2021,0,1612.50,1612.50,1612.50
2021,9,16,100,3,1,0,0,2021,0,7780.50,7780.50,7780.50
2021,3,19,100,3,1,0,0,2021,0,240014.25,240014.25,240014.25
2021,6,19,100,3,1,0,0,2021,0,229871.25,229871.25,229871.25
2021,10,19,100,3,1,0,0,2021,0,226563.75,226563.75,226563.75
2021,11,19,100,3,1,0,0,2021,0,224910.00,224910.00,224910.00
2021,2,19,100,3,1,0,0,2021,0,225.06,225.06,225.06
2021,4,19,100,3,1,0,0,2021,0,0.00,0.00,0.00
2021,6,19,100,3,1,0,0,2021,0,101628.76,101628.76,101628.76
2021,10,19,100,3,1,0,0,2021,0,122979.90,122979.90,122979.90
2021,2,19,100,3,1,0,0,2021,0,137.81,137.81,137.81
2021,4,19,100,3,1,0,0,2021,0,551.24,551.24,551.24
2021,8,19,100,3,1,0,0,2021,0,8324.98,8324.98,8324.98
2021,9,19,100,3,1,0,0,2021,0,964.69,964.69,964.69
2021,4,19,100,3,1,0,0,2021,0,6189.36,6189.36,6189.36
2021,8,19,100,3,1,0,0,2021,0,38420.37,38420.37,38420.37
2021,9,19,100,3,1,0,0,2021,0,2940.00,2940.00,2940.00
2021,12,19,100,3,1,0,0,2021,0,10698.70,10698.70,10698.70
2021,6,19,100,3,1,0,0,2021,0,496.13,496.13,496.13
2021,8,19,100,3,1,0,0,2021,0,1102.50,1102.50,1102.50
2021,2,19,100,3,1,0,0,2021,0,18000.00,18000.00,18000.00
2021,5,19,100,3,1,0,0,2021,0,18000.00,18000.00,18000.00
2021,9,19,100,3,1,0,0,2021,0,18000.00,18000.00,18000.00
2021,10,19,100,3,1,0,0,2021,0,18000.00,18000.00,18000.00
2021,11,19,100,3,1,0,0,2021,0,18000.00,18000.00,18000.00
2021,7,19,100,3,1,0,0,2021,0,1350.00,1350.00,1350.00
2021,2,19,100,3,1,0,0,2021,0,17413.50,17413.50,17413.50
2021,8,19,100,3,1,0,0,2021,0,9438.00,9438.00,9438.00
2021,9,19,100,3,1,0,0,2021,0,9262.50,9262.50,9262.50
2021,10,19,100,3,1,0,0,2021,0,9750.00,9750.00,9750.00
2021,3,20,100,3,1,0,0,2021,0,6217.41,6217.41,6217.41
2021,3,20,100,3,1,0,0,2021,0,386.72,386.72,386.72
2021,2,20,100,3,1,0,0,2021,0,18992.00,18992.00,18992.00
2021,5,20,100,3,1,0,0,2021,0,18222.00,18222.00,18222.00
2021,11,20,100,3,1,0,0,2021,0,18591.12,18591.12,18591.12
2021,3,20,100,3,1,0,0,2021,0,10382.11,10382.11,10382.11
2021,4,20,100,3,1,0,0,2021,0,10031.08,10031.08,10031.08
2021,7,20,100,3,1,0,0,2021,0,10280.40,10280.40,10280.40
2021,6,20,100,3,1,0,0,2021,0,6154.75,6154.75,6154.75
2021,6,20,100,3,1,0,0,2021,0,22554.73,22554.73,22554.73
2021,11,20,100,3,1,0,0,2021,0,29607.64,29607.64,29607.64
2021,6,20,100,3,1,0,0,2021,0,1678.69,1678.69,1678.69
2021,5,20,100,3,1,0,0,2021,0,18000.00,18000.00,18000.00
2021,6,20,100,3,1,0,0,2021,0,754.64,754.64,754.64
2021,10,20,100,3,1,0,0,2021,0,754.64,754.64,754.64
2021,5,20,100,3,1,0,0,2021,0,3046.68,3046.68,3046.68
2021,6,20,100,3,1,0,0,2021,0,887.38,887.38,887.38
2021,8,20,100,3,1,0,0,2021,0,6084.94,6084.94,6084.94
2021,1,20,100,3,1,0,0,2021,0,1180.55,1180.55,1180.55
2021,4,20,100,3,1,0,0,2021,0,1180.55,1180.55,1180.55
2021,1,20,100,3,1,0,0,2021,0,54648.86,54648.86,54648.86
2021,3,20,100,3,1,0,0,2021,0,34467.22,34467.22,34467.22
2021,7,20,100,3,1,0,0,2021,0,32142.52,32142.52,32142.52
2021,12,20,100,3,1,0,0,2021,0,27567.67,27567.67,27567.67
2021,5,20,100,3,1,0,0,2021,0,56810.39,56810.39,56810.39
2021,8,20,100,3,1,0,0,2021,0,53431.95,53431.95,53431.95
2021,9,20,100,3,1,0,0,2021,0,51043.20,51043.20,51043.20
2021,11,20,100,3,1,0,0,2021,0,54151.50,54151.50,54151.50
2021,12,20,100,3,1,0,0,2021,0,54561.00,54561.00,54561.00
2021,1,20,100,3,1,0,0,2021,0,1100.00,1100.00,1100.00
2021,3,20,100,3,1,0,0,2021,0,1500.00,1500.00,1500.00
2021,1,20,100,3,1,0,0,2021,0,5782.99,5782.99,5782.99
2021,5,20,100,3,1,0,0,2021,0,5697.16,5697.16,5697.16
2021,8,20,100,3,1,0,0,2021,0,5722.65,5722.65,5722.65
2021,12,20,100,3,1,0,0,2021,0,11249.47,11249.47,11249.47
2021,3,20,100,3,1,0,0,2021,0,3287.13,3287.13,3287.13
2021,12,20,100,3,1,0,0,2021,0,13795.93,13795.93,13795.93
2021,1,21,100,3,1,0,0,2021,0,46808.08,46808.08,46808.08
2021,10,21,100,3,1,0,0,2021,0,4544.03,4544.03,4544.03
2021,5,22,100,3,1,0,0,2021,0,129033.75,129033.75,129033.75
2021,7,22,100,3,1,0,0,2021,0,118973.75,118973.75,118973.75
2021,12,22,100,3,1,0,0,2021,0,137592.08,137592.08,137592.08
2021,4,22,100,3,1,0,0,2021,0,9008.95,9008.95,9008.95
2021,12,22,100,3,1,0,0,2021,0,16135.30,16135.30,16135.30
2021,12,22,100,3,1,0,0,2021,0,953.45,953.45,953.45
2021,2,22,100,3,1,0,0,2021,0,2538.00,2538.00,2538.00
2021,5,22,100,3,1,0,0,2021,0,2538.00,2538.00,2538.00
2021,2,22,100,3,1,0,0,2021,0,103789.72,103789.72,103789.72
2021,12,22,100,3,1,0,0,2021,0,103899.21,103899.21,103899.21
2021,5,22,100,3,1,0,0,2021,0,443.15,443.15,443.15
2021,9,22,100,3,1,0,0,2021,0,607.38,607.38,607.38
2021,10,22,100,3,1,0,0,2021,0,607.38,607.38,607.38
2021,3,22,100,3,1,0,0,2021,0,40621.17,40621.17,40621.17
2021,8,22,100,3,1,0,0,2021,0,7957.85,7957.85,7957.85
2021,12,22,100,3,1,0,0,2021,0,1600.00,1600.00,1600.00
2021,7,22,100,3,1,0,0,2021,0,18000.00,18000.00,18000.00
2021,9,22,100,3,1,0,0,2021,0,18000.00,18000.00,18000.00
2021,4,22,100,3,1,0,0,2021,0,672.00,672.00,672.00
2021,10,22,100,3,1,0,0,2021,0,3176.46,3176.46,3176.46
2021,11,22,100,3,1,0,0,2021,0,236.25,236.25,236.25
2021,2,22,100,3,1,0,0,2021,0,1252.91,1252.91,1252.91
2021,10,22,100,3,1,0,0,2021,0,1025.99,1025.99,1025.99
2021,9,22,100,3,1,0,0,2021,0,27303.90,27303.90,27303.90
2021,11,22,100,3,1,0,0,2021,0,32471.40,32471.40,32471.40
2021,12,22,100,3,1,0,0,2021,0,600.00,600.00,600.00
2021,4,22,100,3,1,0,0,2021,0,22.50,22.50,22.50
2021,7,22,100,3,1,0,0,2021,0,22.50,22.50,22.50
2021,9,22,100,3,1,0,0,2021,0,3463.16,3463.16,3463.16
2021,11,23,100,3,1,0,0,2021,0,2161.60,2161.60,2161.60
2021,3,23,100,3,1,0,0,2021,0,756.00,756.00,756.00
2021,1,23,100,3,1,0,0,2021,0,1334.00,1334.00,1334.00
2021,5,23,100,3,1,0,0,2021,0,734.00,734.00,734.00
2021,7,23,100,3,1,0,0,2021,0,154600.17,154600.17,154600.17
2021,12,23,100,3,1,0,0,2021,0,302.58,302.58,302.58
2021,9,23,100,3,1,0,0,2021,0,-5431.71,-5431.71,-5431.71
2021,7,23,100,3,1,0,0,2021,0,1865.44,1865.44,1865.44
2021,12,23,100,3,1,0,0,2021,0,1861.25,1861.25,1861.25
2021,7,23,100,3,1,0,0,2021,0,18000.00,18000.00,18000.00
2021,9,23,100,3,1,0,0,2021,0,18000.00,18000.00,18000.00
2021,9,23,100,3,1,0,0,2021,0,2430.26,2430.26,2430.26
2021,7,23,100,3,1,0,0,2021,0,544.15,544.15,544.15
2021,2,23,100,3,1,0,0,2021,0,30907.50,30907.50,30907.50
2021,10,23,100,3,1,0,0,2021,0,17160.00,17160.00,17160.00
2021,5,23,100,3,1,0,0,2021,0,3440.66,3440.66,3440.66
2021,2,23,100,3,1,0,0,2021,0,710.65,710.65,710.65
2021,1,24,100,3,1,0,0,2021,0,201312.38,201312.38,201312.38
2021,3,24,100,3,1,0,0,2021,0,202960.22,202960.22,202960.22
2021,4,24,100,3,1,0,0,2021,0,202960.22,202960.22,202960.22
2021,6,24,100,3,1,0,0,2021,0,187849.77,187849.77,187849.77
2021,8,24,100,3,1,0,0,2021,0,158824.26,158824.26,158824.26
2021,12,24,100,3,1,0,0,2021,0,146023.56,146023.56,146023.56
2021,12,24,100,3,1,0,0,2021,0,1343.11,1343.11,1343.11
2021,2,24,100,3,1,0,0,2021,0,84543.54,84543.54,84543.54
2021,6,24,100,3,1,0,0,2021,0,98639.86,98639.86,98639.86
2021,12,24,100,3,1,0,0,2021,0,112875.83,112875.83,112875.83
2021,6,24,100,3,1,0,0,2021,0,1903.13,1903.13,1903.13
2021,10,24,100,3,1,0,0,2021,0,1684.69,1684.69,1684.69
2021,12,24,100,3,1,0,0,2021,0,1684.69,1684.69,1684.69
2021,2,24,100,3,1,0,0,2021,0,27985.90,27985.90,27985.90
2021,3,24,100,3,1,0,0,2021,0,38803.94,38803.94,38803.94
2021,9,24,100,3,1,0,0,2021,0,60240.93,60240.93,60240.93
2021,12,24,100,3,1,0,0,2021,0,18054.20,18054.20,18054.20
2021,1,24,100,3,1,0,0,2021,0,59683.74,59683.74,59683.74
2021,4,24,100,3,1,0,0,2021,0,59683.74,59683.74,59683.74
2021,7,25,100,3,1,0,0,2021,0,46840.30,46840.30,46840.30
2021,9,25,100,3,1,0,0,2021,0,46840.30,46840.30,46840.30
2021,10,25,100,3,1,0,0,2021,0,46840.30,46840.30,46840.30
2021,5,25,100,3,1,0,0,2021,0,163.76,163.76,163.76
2021,9,25,100,3,1,0,0,2021,0,163.76,163.76,163.76
2021,12,25,100,3,1,0,0,2021,0,163.76,163.76,163.76
2021,8,25,100,3,1,0,0,2021,0,24751.18,24751.18,24751.18
2021,10,25,100,3,1,0,0,2021,0,24843.07,24843.07,24843.07
2021,6,25,100,3,1,0,0,2021,0,1561.34,1561.34,1561.34
2021,6,25,100,3,1,0,0,2021,0,3685.50,3685.50,3685.50
2021,8,25,100,3,1,0,0,2021,0,54677.40,54677.40,54677.40
2021,1,25,100,3,1,0,0,2021,0,4338.79,4338.79,4338.79
2021,5,25,100,3,1,0,0,2021,0,1388.42,1388.42,1388.42
2021,10,25,100,3,1,0,0,2021,0,1552.18,1552.18,1552.18
2021,7,25,100,3,1,0,0,2021,0,7186.23,7186.23,7186.23
2021,9,25,100,3,1,0,0,2021,0,15336.27,15336.27,15336.27
2021,12,25,100,3,1,0,0,2021,0,13868.27,13868.27,13868.27
2021,2,25,100,3,1,0,0,2021,0,617356.15,617356.15,617356.15
2021,9,25,100,3,1,0,0,2021,0,672575.60,672575.60,672575.60
2021,11,25,100,3,1,0,0,2021,0,699429.18,699429.18,699429.18
2021,10,25,100,3,1,0,0,2021,0,20059.27,20059.27,20059.27
2021,12,25,100,3,1,0,0,2021,0,1692.04,1692.04,1692.04
2021,12,25,100,3,1,0,0,2021,0,3403.68,3403.68,3403.68
2021,8,25,100,3,1,0,0,2021,0,3577.26,3577.26,3577.26
2021,2,25,100,3,1,0,0,2021,0,84061.19,84061.19,84061.19
2021,4,25,100,3,1,0,0,2021,0,64545.00,64545.00,64545.00
2021,5,25,100,3,1,0,0,2021,0,65032.50,65032.50,65032.50
2021,11,25,100,3,1,0,0,2021,0,22253.76,22253.76,22253.76
2021,2,25,100,3,1,0,0,2021,0,2397.80,2397.80,2397.80
2021,2,26,100,3,1,0,0,2021,0,12378.93,12378.93,12378.93
2021,5,26,100,3,1,0,0,2021,0,12378.93,12378.93,12378.93
2021,9,26,100,3,1,0,0,2021,0,10862.50,10862.50,10862.50
2021,4,26,100,3,1,0,0,2021,0,5660.92,5660.92,5660.92
2021,5,26,100,3,1,0,0,2021,0,5660.92,5660.92,5660.92
2021,11,26,100,3,1,0,0,2021,0,229087.52,229087.52,229087.52
2021,12,26,100,3,1,0,0,2021,0,228852.52,228852.52,228852.52
2021,2,26,100,3,1,0,0,2021,0,279.78,279.78,279.78
2021,11,26,100,3,1,0,0,2021,0,198006.74,198006.74,198006.74
2021,3,26,100,3,1,0,0,2021,0,145204.19,145204.19,145204.19
2021,2,26,100,3,1,0,0,2021,0,19149.00,19149.00,19149.00
2021,5,26,100,3,1,0,0,2021,0,12285.00,12285.00,12285.00
2021,6,26,100,3,1,0,0,2021,0,18427.50,18427.50,18427.50
2021,8,26,100,3,1,0,0,2021,0,17335.50,17335.50,17335.50
2021,8,26,100,3,1,0,0,2021,0,6881.32,6881.32,6881.32
2021,9,26,100,3,1,0,0,2021,0,6881.32,6881.32,6881.32
2021,12,29,100,3,1,0,0,2021,0,272987.89,272987.89,272987.89
2021,2,29,100,3,1,0,0,2021,0,400656.30,400656.30,400656.30
2021,6,29,100,3,1,0,0,2021,0,-192.05,-192.05,-192.05
2021,5,29,100,3,1,0,0,2021,0,403413.67,403413.67,403413.67
2021,6,29,100,3,1,0,0,2021,0,-3521.63,-3521.63,-3521.63
2021,11,29,100,3,1,0,0,2021,0,407373.95,407373.95,407373.95
2021,12,29,100,3,1,0,0,2021,0,406542.55,406542.55,406542.55
2021,5,29,100,3,1,0,0,2021,0,393.81,393.81,393.81
2021,7,29,100,3,1,0,0,2021,0,393.81,393.81,393.81
2021,12,29,100,3,1,0,0,2021,0,393.81,393.81,393.81
2021,4,29,100,3,1,0,0,2021,0,-411.00,-411.00,-411.00
2021,6,29,100,3,1,0,0,2021,0,-286.02,-286.02,-286.02
2021,11,29,100,3,1,0,0,2021,0,68437.07,68437.07,68437.07
2021,5,29,100,3,1,0,0,2021,0,-398.30,-398.30,-398.30
2021,7,29,100,3,1,0,0,2021,0,131062.71,131062.71,131062.71
2021,5,29,100,3,1,0,0,2021,0,369270.31,369270.31,369270.31
2021,12,29,100,3,1,0,0,2021,0,387890.68,387890.68,387890.68
2021,2,29,100,3,1,0,0,2021,0,1113.34,1113.34,1113.34
2021,11,29,100,3,1,0,0,2021,0,1352.52,1352.52,1352.52
2021,3,29,100,3,1,0,0,2021,0,146075.71,146075.71,146075.71
2021,7,29,100,3,1,0,0,2021,0,2273.71,2273.71,2273.71
2021,3,29,100,3,1,0,0,2021,0,18000.00,18000.00,18000.00
2021,6,29,100,3,1,0,0,2021,0,18000.00,18000.00,18000.00
2021,9,29,100,3,1,0,0,2021,0,18000.00,18000.00,18000.00
2021,12,29,100,3,1,0,0,2021,0,18000.00,18000.00,18000.00
2021,4,29,100,3,1,0,0,2021,0,739.28,739.28,739.28
2021,6,29,100,3,1,0,0,2021,0,2979.28,2979.28,2979.28
2021,7,29,100,3,1,0,0,2021,0,1022.05,1022.05,1022.05
2021,9,29,100,3,1,0,0,2021,0,1859.28,1859.28,1859.28
2021,6,29,100,3,1,0,0,2021,0,7470.64,7470.64,7470.64
2021,11,29,100,3,1,0,0,2021,0,5976.52,5976.52,5976.52
2021,12,29,100,3,1,0,0,2021,0,8964.78,8964.78,8964.78
2021,5,29,100,3,1,0,0,2021,0,9190.52,9190.52,9190.52
2021,6,29,100,3,1,0,0,2021,0,-13.11,-13.11,-13.11
2021,7,29,100,3,1,0,0,2021,0,9190.52,9190.52,9190.52
2021,12,29,100,3,1,0,0,2021,0,9445.34,9445.34,9445.34
2021,5,29,100,3,1,0,0,2021,0,24913.00,24913.00,24913.00
2021,6,29,100,3,1,0,0,2021,0,135888.15,135888.15,135888.15
2021,11,29,100,3,1,0,0,2021,0,147442.33,147442.33,147442.33
2021,1,29,100,3,1,0,0,2021,0,118330.53,118330.53,118330.53
2021,9,29,100,3,1,0,0,2021,0,120340.23,120340.23,120340.23
2021,10,29,100,3,1,0,0,2021,0,124153.51,124153.51,124153.51
2021,1,29,100,3,1,0,0,2021,0,2337.53,2337.53,2337.53
2021,2,29,100,3,1,0,0,2021,0,-357.37,-357.37,-357.37
2021,2,29,100,3,1,0,0,2021,0,0.00,0.00,0.00
2021,4,29,100,3,1,0,0,2021,0,0.00,0.00,0.00
2021,7,29,100,3,1,0,0,2021,0,0.00,0.00,0.00
2021,8,29,100,3,1,0,0,2021,0,0.00,0.00,0.00
2021,2,29,100,3,1,0,0,2021,0,57233.09,57233.09,57233.09
2021,4,29,100,3,1,0,0,2021,0,64294.21,64294.21,64294.21
2021,9,29,100,3,1,0,0,2021,0,76370.44,76370.44,76370.44
2021,10,29,100,3,1,0,0,2021,0,75145.37,75145.37,75145.37
2021,2,29,100,3,1,0,0,2021,0,76090.97,76090.97,76090.97
2021,6,29,100,3,1,0,0,2021,0,75199.13,75199.13,75199.13
2021,9,29,100,3,1,0,0,2021,0,73155.66,73155.66,73155.66
2021,11,29,100,3,1,0,0,2021,0,73138.66,73138.66,73138.66
2021,5,29,100,3,1,0,0,2021,0,-263.41,-263.41,-263.41
2021,10,29,100,3,1,0,0,2021,0,20221.96,20221.96,20221.96
2021,3,29,100,3,1,0,0,2021,0,14000.00,14000.00,14000.00
2021,3,29,100,3,1,0,0,2021,0,21222.96,21222.96,21222.96
2021,7,29,100,3,1,0,0,2021,0,19655.22,19655.22,19655.22
2021,4,29,100,3,1,0,0,2021,0,1896.87,1896.87,1896.87
2021,1,29,100,3,1,0,0,2021,0,15414.06,15414.06,15414.06
2021,8,29,100,3,1,0,0,2021,0,17014.01,17014.01,17014.01
2021,10,29,100,3,1,0,0,2021,0,8469.50,8469.50,8469.50
2021,12,29,100,3,1,0,0,2021,0,7137.00,7137.00,7137.00
2021,3,29,100,3,1,0,0,2021,0,759.45,759.45,759.45
2021,11,29,100,3,1,0,0,2021,0,82958.68,82958.68,82958.68
2021,2,29,100,3,1,0,0,2021,0,-3330.83,-3330.83,-3330.83
2021,3,29,100,3,1,0,0,2021,0,95258.14,95258.14,95258.14
2021,5,29,100,3,1,0,0,2021,0,92124.79,92124.79,92124.79
2021,7,29,100,3,1,0,0,2021,0,95197.83,95197.83,95197.83
2021,11,29,100,3,1,0,0,2021,0,93029.12,93029.12,93029.12
2021,6,29,100,3,1,0,0,2021,0,26513.65,26513.65,26513.65
2021,7,29,100,3,1,0,0,2021,0,25137.84,25137.84,25137.84
2021,10,29,100,3,1,0,0,2021,0,24821.73,24821.73,24821.73
2021,4,29,100,3,1,0,0,2021,0,-100.00,-100.00,-100.00
2021,6,29,100,3,1,0,0,2021,0,22160.03,22160.03,22160.03
2021,9,29,100,3,1,0,0,2021,0,23373.56,23373.56,23373.56
2021,10,29,100,3,1,0,0,2021,0,22510.00,22510.00,22510.00
2021,12,29,100,3,1,0,0,2021,0,24030.00,24030.00,24030.00
2021,2,29,100,3,1,0,0,2021,0,7573.55,7573.55,7573.55
2021,3,29,100,3,1,0,0,2021,0,7303.55,7303.55,7303.55
2021,4,29,100,3,1,0,0,2021,0,7423.55,7423.55,7423.55
2021,9,29,100,3,1,0,0,2021,0,7914.59,7914.59,7914.59
2021,11,29,100,3,1,0,0,2021,0,8125.33,8125.33,8125.33
2021,4,29,100,3,1,0,0,2021,0,192.74,192.74,192.74
2021,7,29,100,3,1,0,0,2021,0,192.74,192.74,192.74
2021,12,29,100,3,1,0,0,2021,0,192.74,192.74,192.74
2021,3,29,100,3,1,0,0,2021,0,954.67,954.67,954.67
2021,10,29,100,3,1,0,0,2021,0,6865.65,6865.65,6865.65
2021,11,29,100,3,1,0,0,2021,0,3223.79,3223.79,3223.79
2021,1,29,100,3,1,0,0,2021,0,540.00,540.00,540.00
2021,11,29,100,3,1,0,0,2021,0,180.00,180.00,180.00
2021,5,29,100,3,1,0,0,2021,0,10890.75,10890.75,10890.75
2021,10,29,100,3,1,0,0,2021,0,12938.25,12938.25,12938.25
2021,4,29,100,3,1,0,0,2021,0,3432.00,3432.00,3432.00
2021,12,29,100,3,1,0,0,2021,0,1325.00,1325.00,1325.00
2021,4,31,100,3,1,0,0,2021,0,41245.64,41245.64,41245.64
2021,6,31,100,3,1,0,0,2021,0,42171.74,42171.74,42171.74
2021,2,31,100,3,1,0,0,2021,0,9609.38,9609.38,9609.38
2021,3,31,100,3,1,0,0,2021,0,9609.38,9609.38,9609.38
2021,7,31,100,3,1,0,0,2021,0,789236.44,789236.44,789236.44
2021,9,31,100,3,1,0,0,2021,0,787471.48,787471.48,787471.48
2021,10,31,100,3,1,0,0,2021,0,781122.76,781122.76,781122.76
2021,4,31,100,3,1,0,0,2021,0,118834.73,118834.73,118834.73
2021,1,31,100,3,1,0,0,2021,0,4490.63,4490.63,4490.63
2021,2,31,100,3,1,0,0,2021,0,4490.63,4490.63,4490.63
2021,10,31,100,3,1,0,0,2021,0,4262.42,4262.42,4262.42
2021,7,31,100,3,1,0,0,2021,0,405200.00,405200.00,405200.00
2021,8,31,100,3,1,0,0,2021,0,388535.11,388535.11,388535.11
2021,9,31,100,3,1,0,0,2021,0,401825.49,401825.49,401825.49
2021,11,31,100,3,1,0,0,2021,0,401640.88,401640.88,401640.88
2021,3,31,100,3,1,0,0,2021,0,663244.53,663244.53,663244.53
2021,9,31,100,3,1,0,0,2021,0,-675.22,-675.22,-675.22
2021,5,31,100,3,1,0,0,2021,0,630259.45,630259.45,630259.45
2021,8,31,100,3,1,0,0,2021,0,667726.86,667726.86,667726.86
2021,10,31,100,3,1,0,0,2021,0,657513.08,657513.08,657513.08
2021,1,31,100,3,1,0,0,2021,0,136720.13,136720.13,136720.13
2021,6,31,100,3,1,0,0,2021,0,132625.83,132625.83,132625.83
2021,10,31,100,3,1,0,0,2021,0,129675.15,129675.15,129675.15
2021,7,31,100,3,1,0,0,2021,0,4713.60,4713.60,4713.60
2021,9,31,100,3,1,0,0,2021,0,16749.32,16749.32,16749.32
2021,10,31,100,3,1,0,0,2021,0,17854.78,17854.78,17854.78
2021,2,31,100,3,1,0,0,2021,0,165479.83,165479.83,165479.83
2021,6,31,100,3,1,0,0,2021,0,61258.55,61258.55,61258.55
2021,9,31,100,3,1,0,0,2021,0,88643.95,88643.95,88643.95
2021,10,31,100,3,1,0,0,2021,0,82556.36,82556.36,82556.36
2021,12,31,100,3,1,0,0,2021,0,30560.46,30560.46,30560.46
2021,5,31,100,3,1,0,0,2021,0,3357.37,3357.37,3357.37
2021,4,31,100,3,1,0,0,2021,0,56918.28,56918.28,56918.28
2021,7,31,100,3,1,0,0,2021,0,58858.68,58858.68,58858.68
2021,12,31,100,3,1,0,0,2021,0,53793.90,53793.90,53793.90
2021,9,31,100,3,1,0,0,2021,0,8132.75,8132.75,8132.75
2021,11,31,100,3,1,0,0,2021,0,6934.39,6934.39,6934.39
2021,6,31,100,3,1,0,0,2021,0,930.04,930.04,930.04
2021,10,31,100,3,1,0,0,2021,0,543.62,543.62,543.62
2021,12,31,100,3,1,0,0,2021,0,352.52,352.52,352.52
2021,1,31,100,3,1,0,0,2021,0,25850.80,25850.80,25850.80
2021,3,31,100,3,1,0,0,2021,0,30154.91,30154.91,30154.91
2021,12,31,100,3,1,0,0,2021,0,40569.11,40569.11,40569.11
2021,2,31,100,3,1,0,0,2021,0,163724.79,163724.79,163724.79
2021,11,31,100,3,1,0,0,2021,0,150745.94,150745.94,150745.94
2021,1,31,100,3,1,0,0,2021,0,900.00,900.00,900.00
2021,6,31,100,3,1,0,0,2021,0,111167.86,111167.86,111167.86
2021,7,31,100,3,1,0,0,2021,0,99913.63,99913.63,99913.63
2021,2,31,100,3,1,0,0,2021,0,10877.15,10877.15,10877.15
2021,9,31,100,3,1,0,0,2021,0,598.02,598.02,598.02
2021,7,32,100,3,1,0,0,2021,0,276709.98,276709.98,276709.98
2021,3,32,100,3,1,0,0,2021,0,9519.85,9519.85,9519.85
2021,6,32,100,3,1,0,0,2021,0,9519.85,9519.85,9519.85
2021,8,32,100,3,1,0,0,2021,0,9519.85,9519.85,9519.85
2021,2,32,100,3,1,0,0,2021,0,551525.66,551525.66,551525.66
2021,9,32,100,3,1,0,0,2021,0,105026.72,105026.72,105026.72
2021,2,32,100,3,1,0,0,2021,0,34141.39,34141.39,34141.39
2021,12,32,100,3,1,0,0,2021,0,31568.00,31568.00,31568.00
2021,6,32,100,3,1,0,0,2021,0,1398.90,1398.90,1398.90
2021,12,32,100,3,1,0,0,2021,0,6962.13,6962.13,6962.13
2021,1,32,100,3,1,0,0,2021,0,132577.22,132577.22,132577.22
2021,2,32,100,3,1,0,0,2021,0,14630.97,14630.97,14630.97
2021,6,32,100,3,1,0,0,2021,0,17110.89,17110.89,17110.89
2021,9,32,100,3,1,0,0,2021,0,36423.32,36423.32,36423.32
2021,3,32,100,3,1,0,0,2021,0,18000.00,18000.00,18000.00
2021,4,32,100,3,1,0,0,2021,0,18000.00,18000.00,18000.00
2021,12,32,100,3,1,0,0,2021,0,18000.00,18000.00,18000.00
2021,3,32,100,3,1,0,0,2021,0,5490.11,5490.11,5490.11
2021,5,32,100,3,1,0,0,2021,0,4621.80,4621.80,4621.80
2021,6,32,100,3,1,0,0,2021,0,5490.11,5490.11,5490.11
2021,2,32,100,3,1,0,0,2021,0,17706.00,17706.00,17706.00
2021,12,32,100,3,1,0,0,2021,0,66000.00,66000.00,66000.00
2021,2,32,100,3,1,0,0,2021,0,18307.46,18307.46,18307.46
2021,1,32,100,3,1,0,0,2021,0,18356.40,18356.40,18356.40
2021,7,32,100,3,1,0,0,2021,0,2018.33,2018.33,2018.33
2021,2,34,100,3,1,0,0,2021,0,-3332.30,-3332.30,-3332.30
2021,5,34,100,3,1,0,0,2021,0,1517480.44,1517480.44,1517480.44
2021,7,34,100,3,1,0,0,2021,0,1504047.19,1504047.19,1504047.19
2021,8,34,100,3,1,0,0,2021,0,1486675.25,1486675.25,1486675.25
2021,12,34,100,3,1,0,0,2021,0,1478923.36,1478923.36,1478923.36
2021,12,34,100,3,1,0,0,2021,0,16185.28,16185.28,16185.28
2021,4,34,100,3,1,0,0,2021,0,-919.39,-919.39,-919.39
2021,4,34,100,3,1,0,0,2021,0,440734.15,440734.15,440734.15
2021,1,34,100,3,1,0,0,2021,0,1399637.18,1399637.18,1399637.18
2021,4,34,100,3,1,0,0,2021,0,1416226.14,1416226.14,1416226.14
2021,7,34,100,3,1,0,0,2021,0,625266.06,625266.06,625266.06
2021,9,34,100,3,1,0,0,2021,0,563048.07,563048.07,563048.07
2021,12,34,100,3,1,0,0,2021,0,601282.29,601282.29,601282.29
2021,8,34,100,3,1,0,0,2021,0,6357.24,6357.24,6357.24
2021,11,34,100,3,1,0,0,2021,0,4376331.87,4376331.87,4376331.87
2021,12,34,100,3,1,0,0,2021,0,93056.50,93056.50,93056.50
2021,2,34,100,3,1,0,0,2021,0,129446.53,129446.53,129446.53
2021,4,34,100,3,1,0,0,2021,0,120805.32,120805.32,120805.32
2021,8,34,100,3,1,0,0,2021,0,110929.83,110929.83,110929.83
2021,11,34,100,3,1,0,0,2021,0,107846.03,107846.03,107846.03
2021,8,34,100,3,1,0,0,2021,0,2667.30,2667.30,2667.30
2021,10,34,100,3,1,0,0,2021,0,2667.30,2667.30,2667.30
2021,1,34,100,3,1,0,0,2021,0,18000.00,18000.00,18000.00
2021,6,34,100,3,1,0,0,2021,0,18000.00,18000.00,18000.00
2021,8,34,100,3,1,0,0,2021,0,18000.00,18000.00,18000.00
2021,9,34,100,3,1,0,0,2021,0,18000.00,18000.00,18000.00
2021,4,34,100,3,1,0,0,2021,0,8328.60,8328.60,8328.60
2021,7,34,100,3,1,0,0,2021,0,8328.60,8328.60,8328.60
2021,9,34,100,3,1,0,0,2021,0,8401.24,8401.24,8401.24
2021,11,34,100,3,1,0,0,2021,0,6974.60,6974.60,6974.60
2021,9,34,100,3,1,0,0,2021,0,53075.00,53075.00,53075.00
2021,12,34,100,3,1,0,0,2021,0,42460.00,42460.00,42460.00
2021,11,34,100,3,1,0,0,2021,0,4268.50,4268.50,4268.50
2021,5,34,100,3,1,0,0,2021,0,22187.72,22187.72,22187.72
2021,7,34,100,3,1,0,0,2021,0,22902.04,22902.04,22902.04
2021,5,34,100,3,1,0,0,2021,0,367192.41,367192.41,367192.41
2021,6,34,100,3,1,0,0,2021,0,375845.96,375845.96,375845.96
2021,10,34,100,3,1,0,0,2021,0,388373.16,388373.16,388373.16
2021,1,34,100,3,1,0,0,2021,0,527381.73,527381.73,527381.73
2021,2,34,100,3,1,0,0,2021,0,698153.43,698153.43,698153.43
2021,6,34,100,3,1,0,0,2021,0,-24.00,-24.00,-24.00
2021,10,34,100,3,1,0,0,2021,0,976.00,976.00,976.00
2021,3,34,100,3,1,0,0,2021,0,14989.49,14989.49,14989.49
2021,6,34,100,3,1,0,0,2021,0,-236.00,-236.00,-236.00
2021,5,34,100,3,1,0,0,2021,0,0.00,0.00,0.00
2021,12,34,100,3,1,0,0,2021,0,12363.18,12363.18,12363.18
2021,1,35,100,3,1,0,0,2021,0,110481.07,110481.07,110481.07
2021,7,35,100,3,1,0,0,2021,0,106396.03,106396.03,106396.03
2021,12,35,100,3,1,0,0,2021,0,97552.30,97552.30,97552.30
2021,4,35,100,3,1,0,0,2021,0,24279.83,24279.83,24279.83
2021,10,35,100,3,1,0,0,2021,0,23126.53,23126.53,23126.53
2021,6,35,100,3,1,0,0,2021,0,11352.70,11352.70,11352.70
2021,1,35,100,3,1,0,0,2021,0,982.56,982.56,982.56
2021,11,35,100,3,1,0,0,2021,0,982.56,982.56,982.56
2021,12,35,100,3,1,0,0,2021,0,982.56,982.56,982.56
2021,6,35,100,3,1,0,0,2021,0,6481.72,6481.72,6481.72
2021,11,35,100,3,1,0,0,2021,0,3613.47,3613.47,3613.47
2021,12,35,100,3,1,0,0,2021,0,3613.47,3613.47,3613.47
2021,7,35,100,3,1,0,0,2021,0,175285.39,175285.39,175285.39
2021,8,35,100,3,1,0,0,2021,0,155126.53,155126.53,155126.53
2021,10,35,100,3,1,0,0,2021,0,155409.49,155409.49,155409.49
2021,2,35,100,3,1,0,0,2021,0,6803.61,6803.61,6803.61
2021,1,35,100,3,1,0,0,2021,0,279.78,279.78,279.78
2021,7,35,100,3,1,0,0,2021,0,2518.35,2518.35,2518.35
2021,1,35,100,3,1,0,0,2021,0,37022.40,37022.40,37022.40
2021,7,35,100,3,1,0,0,2021,0,3770.04,3770.04,3770.04
2021,1,35,100,3,1,0,0,2021,0,2042.52,2042.52,2042.52
2021,5,35,100,3,1,0,0,2021,0,18000.00,18000.00,18000.00
2021,8,35,100,3,1,0,0,2021,0,18000.00,18000.00,18000.00
2021,2,35,100,3,1,0,0,2021,0,8066.28,8066.28,8066.28
2021,3,35,100,3,1,0,0,2021,0,5817.90,5817.90,5817.90
2021,12,35,100,3,1,0,0,2021,0,2632.03,2632.03,2632.03
2021,2,35,100,3,1,0,0,2021,0,36211.50,36211.50,36211.50
2021,4,35,100,3,1,0,0,2021,0,21177.00,21177.00,21177.00
2021,8,35,100,3,1,0,0,2021,0,21138.00,21138.00,21138.00
2021,10,35,100,3,1,0,0,2021,0,20689.00,20689.00,20689.00
2021,11,35,100,3,1,0,0,2021,0,23244.00,23244.00,23244.00
2021,2,35,100,3,1,0,0,2021,0,6840.77,6840.77,6840.77
2021,9,35,100,3,1,0,0,2021,0,6514.66,6514.66,6514.66
2021,11,35,100,3,1,0,0,2021,0,9631.71,9631.71,9631.71
2021,7,36,100,3,1,0,0,2021,0,1792.16,1792.16,1792.16
2021,3,36,100,3,1,0,0,2021,0,5249.30,5249.30,5249.30
2021,11,36,100,3,1,0,0,2021,0,2502.00,2502.00,2502.00
2021,6,36,100,3,1,0,0,2021,0,225606.89,225606.89,225606.89
2021,5,36,100,3,1,0,0,2021,0,4694.38,4694.38,4694.38
2021,11,36,100,3,1,0,0,2021,0,4022.65,4022.65,4022.65
2021,12,36,100,3,1,0,0,2021,0,4022.65,4022.65,4022.65
2021,4,36,100,3,1,0,0,2021,0,279.78,279.78,279.78
2021,11,36,100,3,1,0,0,2021,0,250106.56,250106.56,250106.56
2021,12,36,100,3,1,0,0,2021,0,2066.07,2066.07,2066.07
2021,1,36,100,3,1,0,0,2021,0,17179.94,17179.94,17179.94
2021,9,36,100,3,1,0,0,2021,0,-8579.94,-8579.94,-8579.94
2021,4,36,100,3,1,0,0,2021,0,3959.36,3959.36,3959.36
2021,7,36,100,3,1,0,0,2021,0,1119.12,1119.12,1119.12
2021,2,36,100,3,1,0,0,2021,0,3335.52,3335.52,3335.52
2021,5,36,100,3,1,0,0,2021,0,3407.29,3407.29,3407.29
2021,9,36,100,3,1,0,0,2021,0,18954.00,18954.00,18954.00
2021,11,36,100,3,1,0,0,2021,0,19885.12,19885.12,19885.12
2021,9,36,100,3,1,0,0,2021,0,100.00,100.00,100.00
2021,11,36,100,3,1,0,0,2021,0,11900.00,11900.00,11900.00
2021,1,36,100,3,1,0,0,2021,0,1713.12,1713.12,1713.12
2021,4,36,100,3,1,0,0,2021,0,1713.12,1713.12,1713.12
2021,9,36,100,3,1,0,0,2021,0,1988.68,1988.68,1988.68
2021,12,36,100,3,1,0,0,2021,0,6880.00,6880.00,6880.00
2021,6,37,100,3,1,0,0,2021,0,1370.56,1370.56,1370.56
2021,8,37,100,3,1,0,0,2021,0,2104.56,2104.56,2104.56
2021,11,37,100,3,1,0,0,2021,0,144851.56,144851.56,144851.56
2021,4,37,100,3,1,0,0,2021,0,10920.35,10920.35,10920.35
2021,8,37,100,3,1,0,0,2021,0,790.46,790.46,790.46
2021,10,37,100,3,1,0,0,2021,0,456.85,456.85,456.85
2021,11,37,100,3,1,0,0,2021,0,2700.04,2700.04,2700.04
2021,4,37,100,3,1,0,0,2021,0,18000.00,18000.00,18000.00
2021,7,37,100,3,1,0,0,2021,0,18000.00,18000.00,18000.00
2021,9,37,100,3,1,0,0,2021,0,18000.00,18000.00,18000.00
2021,10,37,100,3,1,0,0,2021,0,18000.00,18000.00,18000.00
2021,1,37,100,3,1,0,0,2021,0,8404.50,8404.50,8404.50
2021,9,38,100,3,1,0,0,2021,0,-1379.01,-1379.01,-1379.01
2021,6,38,100,3,1,0,0,2021,0,-6118.33,-6118.33,-6118.33
2021,6,38,100,3,1,0,0,2021,0,1842960.92,1842960.92,1842960.92
2021,7,38,100,3,1,0,0,2021,0,1839228.02,1839228.02,1839228.02
2021,10,38,100,3,1,0,0,2021,0,1052.66,1052.66,1052.66
2021,11,38,100,3,1,0,0,2021,0,1052.66,1052.66,1052.66
2021,12,38,100,3,1,0,0,2021,0,1052.66,1052.66,1052.66
2021,1,38,100,3,1,0,0,2021,0,754843.49,754843.49,754843.49
2021,2,38,100,3,1,0,0,2021,0,-1827.32,-1827.32,-1827.32
2021,2,38,100,3,1,0,0,2021,0,751943.72,751943.72,751943.72
2021,4,38,100,3,1,0,0,2021,0,-276.85,-276.85,-276.85
2021,9,38,100,3,1,0,0,2021,0,-551.41,-551.41,-551.41
2021,9,38,100,3,1,0,0,2021,0,-551.41,-551.41,-551.41
2021,5,38,100,3,1,0,0,2021,0,745993.44,745993.44,745993.44
2021,3,38,100,3,1,0,0,2021,0,-3042.78,-3042.78,-3042.78
2021,7,38,100,3,1,0,0,2021,0,892339.77,892339.77,892339.77
2021,8,38,100,3,1,0,0,2021,0,887957.16,887957.16,887957.16
2021,9,38,100,3,1,0,0,2021,0,891198.06,891198.06,891198.06
2021,11,38,100,3,1,0,0,2021,0,884459.85,884459.85,884459.85
2021,1,38,100,3,1,0,0,2021,0,230411.00,230411.00,230411.00
2021,4,38,100,3,1,0,0,2021,0,248959.14,248959.14,248959.14
2021,11,38,100,3,1,0,0,2021,0,261488.07,261488.07,261488.07
2021,6,38,100,3,1,0,0,2021,0,174581.84,174581.84,174581.84
2021,8,38,100,3,1,0,0,2021,0,174168.27,174168.27,174168.27
2021,2,38,100,3,1,0,0,2021,0,-14.58,-14.58,-14.58
2021,3,38,100,3,1,0,0,2021,0,2686.64,2686.64,2686.64
2021,6,38,100,3,1,0,0,2021,0,115831.65,115831.65,115831.65
2021,9,38,100,3,1,0,0,2021,0,112532.48,112532.48,112532.48
2021,2,38,100,3,1,0,0,2021,0,5116.69,5116.69,5116.69
2021,5,38,100,3,1,0,0,2021,0,4530.84,4530.84,4530.84
2021,12,38,100,3,1,0,0,2021,0,13803.26,13803.26,13803.26
2021,3,38,100,3,1,0,0,2021,0,18000.00,18000.00,18000.00
2021,9,38,100,3,1,0,0,2021,0,-482.50,-482.50,-482.50
2021,6,38,100,3,1,0,0,2021,0,101807.50,101807.50,101807.50
2021,9,38,100,3,1,0,0,2021,0,101807.50,101807.50,101807.50
2021,1,38,100,3,1,0,0,2021,0,101674.69,101674.69,101674.69
2021,2,38,100,3,1,0,0,2021,0,97445.04,97445.04,97445.04
2021,10,38,100,3,1,0,0,2021,0,91569.48,91569.48,91569.48
2021,7,38,100,3,1,0,0,2021,0,306069.13,306069.13,306069.13
2021,11,38,100,3,1,0,0,2021,0,311438.10,311438.10,311438.10
2021,12,38,100,3,1,0,0,2021,0,321836.31,321836.31,321836.31
2021,9,38,100,3,1,0,0,2021,0,-429.00,-429.00,-429.00
2021,5,38,100,3,1,0,0,2021,0,604105.83,604105.83,604105.83
2021,8,38,100,3,1,0,0,2021,0,575658.36,575658.36,575658.36
2021,10,38,100,3,1,0,0,2021,0,24750.00,24750.00,24750.00
2021,9,38,100,3,1,0,0,2021,0,-22.50,-22.50,-22.50
2021,9,38,100,3,1,0,0,2021,0,-22.50,-22.50,-22.50
2021,3,38,100,3,1,0,0,2021,0,47571.63,47571.63,47571.63
2021,7,38,100,3,1,0,0,2021,0,48919.92,48919.92,48919.92
2021,2,38,100,3,1,0,0,2021,0,577.24,577.24,577.24
2021,5,38,100,3,1,0,0,2021,0,6591.62,6591.62,6591.62
2021,4,39,100,3,1,0,0,2021,0,15053.20,15053.20,15053.20
2021,1,39,100,3,1,0,0,2021,0,2371.39,2371.39,2371.39
2021,3,39,100,3,1,0,0,2021,0,233463.81,233463.81,233463.81
2021,10,39,100,3,1,0,0,2021,0,245353.94,245353.94,245353.94
2021,12,39,100,3,1,0,0,2021,0,248685.04,248685.04,248685.04
2021,1,39,100,3,1,0,0,2021,0,22293.29,22293.29,22293.29
2021,2,39,100,3,1,0,0,2021,0,22293.29,22293.29,22293.29
2021,5,39,100,3,1,0,0,2021,0,21597.95,21597.95,21597.95
2021,6,39,100,3,1,0,0,2021,0,20626.65,20626.65,20626.65
2021,7,39,100,3,1,0,0,2021,0,20626.65,20626.65,20626.65
2021,8,39,100,3,1,0,0,2021,0,20626.65,20626.65,20626.65
2021,9,39,100,3,1,0,0,2021,0,21305.02,21305.02,21305.02
2021,1,39,100,3,1,0,0,2021,0,36468.74,36468.74,36468.74
2021,9,39,100,3,1,0,0,2021,0,56745.79,56745.79,56745.79
2021,11,39,100,3,1,0,0,2021,0,61549.56,61549.56,61549.56
2021,1,39,100,3,1,0,0,2021,0,73396.36,73396.36,73396.36
2021,3,39,100,3,1,0,0,2021,0,111930.25,111930.25,111930.25
2021,2,39,100,3,1,0,0,2021,0,7810.47,7810.47,7810.47
2021,5,39,100,3,1,0,0,2021,0,4193.95,4193.95,4193.95
2021,10,39,100,3,1,0,0,2021,0,3279.62,3279.62,3279.62
2021,12,39,100,3,1,0,0,2021,0,19540.95,19540.95,19540.95
2021,2,39,100,3,1,0,0,2021,0,24806.01,24806.01,24806.01
2021,6,39,100,3,1,0,0,2021,0,28438.38,28438.38,28438.38
2021,11,39,100,3,1,0,0,2021,0,10647.06,10647.06,10647.06
2021,3,39,100,3,1,0,0,2021,0,1986.17,1986.17,1986.17
2021,5,39,100,3,1,0,0,2021,0,317.79,317.79,317.79
2021,10,39,100,3,1,0,0,2021,0,24600.00,24600.00,24600.00
2021,2,39,100,3,1,0,0,2021,0,965.00,965.00,965.00
2021,3,39,100,3,1,0,0,2021,0,1930.00,1930.00,1930.00
2021,5,39,100,3,1,0,0,2021,0,965.00,965.00,965.00
2021,3,39,100,3,1,0,0,2021,0,2348.50,2348.50,2348.50
2021,8,39,100,3,1,0,0,2021,0,1350.06,1350.06,1350.06
2021,4,39,100,3,1,0,0,2021,0,11984.24,11984.24,11984.24
2021,9,39,100,3,1,0,0,2021,0,28639.66,28639.66,28639.66
2021,11,39,100,3,1,0,0,2021,0,25622.73,25622.73,25622.73
2021,2,39,100,3,1,0,0,2021,0,62907.00,62907.00,62907.00
2021,12,39,100,3,1,0,0,2021,0,51226.50,51226.50,51226.50
2021,9,39,100,3,1,0,0,2021,0,450.00,450.00,450.00
2021,11,39,100,3,1,0,0,2021,0,700.00,700.00,700.00
2021,1,39,100,3,1,0,0,2021,0,1634.18,1634.18,1634.18
2021,3,39,100,3,1,0,0,2021,0,1634.18,1634.18,1634.18
2021,6,39,100,3,1,0,0,2021,0,2740.76,2740.76,2740.76
2021,1,48,114,3,1,0,0,2021,0,1143790.11,1143790.11,1143790.11
2021,7,48,114,3,1,0,0,2021,0,1061771.38,1061771.38,1061771.38
2021,9,48,114,3,1,0,0,2021,0,1118997.93,1118997.93,1118997.93
2021,7,48,114,3,1,0,0,2021,0,73604.65,73604.65,73604.65
